{
 "type": "FeatureCollection",
 "generated_at": "2026-08-28T10:28:03Z",
 "note": "Surface water at acquisition time - includes permanent rivers and wetlands (no pre-event differencing). The threshold is an unvalidated demo choice.",
 "features": [
  {
   "type": "Feature",
   "geometry": {
    "type": "MultiPolygon",
    "coordinates": [
     [
      [
       [
        93.04972,
        24.93977
       ],
       [
        93.05091,
        24.93977
       ],
       [
        93.05091,
        24.94032
       ],
       [
        93.04972,
        24.94032
       ],
       [
        93.04972,
        24.93977
       ]
      ]
     ],
     [
      [
       [
        93.24703,
        24.93958
       ],
       [
        93.24762,
        24.93958
       ],
       [
        93.24763,
        24.94012
       ],
       [
        93.24703,
        24.94012
       ],
       [
        93.24703,
        24.93958
       ]
      ]
     ],
     [
      [
       [
        93.23811,
        24.93743
       ],
       [
        93.23871,
        24.93742
       ],
       [
        93.23871,
        24.93797
       ],
       [
        93.23811,
        24.93797
       ],
       [
        93.23811,
        24.93743
       ]
      ]
     ],
     [
      [
       [
        93.23692,
        24.93689
       ],
       [
        93.23752,
        24.93688
       ],
       [
        93.23752,
        24.93743
       ],
       [
        93.23692,
        24.93743
       ],
       [
        93.23692,
        24.93689
       ]
      ]
     ],
     [
      [
       [
        93.24108,
        24.93525
       ],
       [
        93.24167,
        24.93525
       ],
       [
        93.24167,
        24.93579
       ],
       [
        93.24108,
        24.93579
       ],
       [
        93.24108,
        24.93525
       ]
      ]
     ],
     [
      [
       [
        93.24107,
        24.93038
       ],
       [
        93.24166,
        24.93038
       ],
       [
        93.24166,
        24.93092
       ],
       [
        93.24107,
        24.93092
       ],
       [
        93.24107,
        24.93038
       ]
      ]
     ],
     [
      [
       [
        93.24107,
        24.92875
       ],
       [
        93.24166,
        24.92875
       ],
       [
        93.24166,
        24.92929
       ],
       [
        93.24107,
        24.92929
       ],
       [
        93.24107,
        24.92875
       ]
      ]
     ],
     [
      [
       [
        93.23927,
        24.92388
       ],
       [
        93.23987,
        24.92388
       ],
       [
        93.23987,
        24.92442
       ],
       [
        93.23928,
        24.92442
       ],
       [
        93.23927,
        24.92388
       ]
      ]
     ],
     [
      [
       [
        93.0806,
        24.90454
       ],
       [
        93.08179,
        24.90454
       ],
       [
        93.08179,
        24.90508
       ],
       [
        93.0806,
        24.90508
       ],
       [
        93.0806,
        24.90454
       ]
      ]
     ],
     [
      [
       [
        93.11859,
        24.86712
       ],
       [
        93.11919,
        24.86712
       ],
       [
        93.11919,
        24.86767
       ],
       [
        93.11859,
        24.86767
       ],
       [
        93.11859,
        24.86712
       ]
      ]
     ],
     [
      [
       [
        93.05504,
        24.86662
       ],
       [
        93.05623,
        24.86662
       ],
       [
        93.05623,
        24.86716
       ],
       [
        93.05504,
        24.86716
       ],
       [
        93.05504,
        24.86662
       ]
      ]
     ],
     [
      [
       [
        93.1174,
        24.86658
       ],
       [
        93.118,
        24.86658
       ],
       [
        93.118,
        24.86713
       ],
       [
        93.1174,
        24.86713
       ],
       [
        93.1174,
        24.86658
       ]
      ]
     ],
     [
      [
       [
        93.06929,
        24.86607
       ],
       [
        93.06989,
        24.86607
       ],
       [
        93.06989,
        24.86661
       ],
       [
        93.06929,
        24.86661
       ],
       [
        93.06929,
        24.86607
       ]
      ]
     ],
     [
      [
       [
        93.1174,
        24.86604
       ],
       [
        93.11859,
        24.86604
       ],
       [
        93.11859,
        24.86658
       ],
       [
        93.1174,
        24.86658
       ],
       [
        93.1174,
        24.86604
       ]
      ]
     ],
     [
      [
       [
        93.05326,
        24.86499
       ],
       [
        93.05385,
        24.86499
       ],
       [
        93.05385,
        24.86554
       ],
       [
        93.05326,
        24.86554
       ],
       [
        93.05326,
        24.86499
       ]
      ]
     ],
     [
      [
       [
        93.04969,
        24.86283
       ],
       [
        93.05029,
        24.86283
       ],
       [
        93.05029,
        24.86337
       ],
       [
        93.04969,
        24.86337
       ],
       [
        93.04969,
        24.86283
       ]
      ]
     ],
     [
      [
       [
        93.12926,
        24.84002
       ],
       [
        93.12985,
        24.84002
       ],
       [
        93.12985,
        24.84056
       ],
       [
        93.12926,
        24.84056
       ],
       [
        93.12926,
        24.84002
       ]
      ]
     ],
     [
      [
       [
        93.13222,
        24.83894
       ],
       [
        93.13282,
        24.83894
       ],
       [
        93.13282,
        24.83948
       ],
       [
        93.13222,
        24.83948
       ],
       [
        93.13222,
        24.83894
       ]
      ]
     ],
     [
      [
       [
        93.12985,
        24.83731
       ],
       [
        93.13044,
        24.83731
       ],
       [
        93.13044,
        24.83785
       ],
       [
        93.12985,
        24.83785
       ],
       [
        93.12985,
        24.83731
       ]
      ]
     ],
     [
      [
       [
        93.13578,
        24.83406
       ],
       [
        93.13638,
        24.83406
       ],
       [
        93.13638,
        24.8346
       ],
       [
        93.13578,
        24.8346
       ],
       [
        93.13578,
        24.83406
       ]
      ]
     ],
     [
      [
       [
        93.134,
        24.83352
       ],
       [
        93.13637,
        24.83351
       ],
       [
        93.13638,
        24.83406
       ],
       [
        93.134,
        24.83406
       ],
       [
        93.134,
        24.83352
       ]
      ]
     ],
     [
      [
       [
        93.1334,
        24.83297
       ],
       [
        93.134,
        24.83297
       ],
       [
        93.134,
        24.83352
       ],
       [
        93.13341,
        24.83352
       ],
       [
        93.1334,
        24.83297
       ]
      ]
     ],
     [
      [
       [
        93.13459,
        24.83297
       ],
       [
        93.13637,
        24.83297
       ],
       [
        93.13637,
        24.83351
       ],
       [
        93.13459,
        24.83351
       ],
       [
        93.13459,
        24.83297
       ]
      ]
     ],
     [
      [
       [
        93.1334,
        24.83243
       ],
       [
        93.13519,
        24.83243
       ],
       [
        93.13519,
        24.83297
       ],
       [
        93.1334,
        24.83297
       ],
       [
        93.1334,
        24.83243
       ]
      ]
     ],
     [
      [
       [
        93.1049,
        24.83137
       ],
       [
        93.1055,
        24.83137
       ],
       [
        93.1055,
        24.83191
       ],
       [
        93.1049,
        24.83191
       ],
       [
        93.1049,
        24.83137
       ]
      ]
     ],
     [
      [
       [
        93.13103,
        24.83135
       ],
       [
        93.13162,
        24.83135
       ],
       [
        93.13162,
        24.83189
       ],
       [
        93.13103,
        24.83189
       ],
       [
        93.13103,
        24.83135
       ]
      ]
     ],
     [
      [
       [
        93.1049,
        24.83029
       ],
       [
        93.10549,
        24.83029
       ],
       [
        93.10549,
        24.83083
       ],
       [
        93.1049,
        24.83083
       ],
       [
        93.1049,
        24.83029
       ]
      ]
     ],
     [
      [
       [
        93.12331,
        24.82865
       ],
       [
        93.12449,
        24.82865
       ],
       [
        93.12449,
        24.82919
       ],
       [
        93.12331,
        24.82919
       ],
       [
        93.12331,
        24.82865
       ]
      ]
     ],
     [
      [
       [
        93.12212,
        24.82811
       ],
       [
        93.1239,
        24.82811
       ],
       [
        93.1239,
        24.82865
       ],
       [
        93.12212,
        24.82865
       ],
       [
        93.12212,
        24.82811
       ]
      ]
     ],
     [
      [
       [
        93.12152,
        24.82757
       ],
       [
        93.1239,
        24.82756
       ],
       [
        93.1239,
        24.82811
       ],
       [
        93.12152,
        24.82811
       ],
       [
        93.12152,
        24.82757
       ]
      ]
     ],
     [
      [
       [
        93.11974,
        24.82702
       ],
       [
        93.12271,
        24.82702
       ],
       [
        93.12271,
        24.82756
       ],
       [
        93.11974,
        24.82757
       ],
       [
        93.11974,
        24.82702
       ]
      ]
     ],
     [
      [
       [
        93.13399,
        24.82701
       ],
       [
        93.13577,
        24.82701
       ],
       [
        93.13577,
        24.82755
       ],
       [
        93.13399,
        24.82755
       ],
       [
        93.13399,
        24.82701
       ]
      ]
     ],
     [
      [
       [
        93.16131,
        24.82699
       ],
       [
        93.1619,
        24.82699
       ],
       [
        93.1619,
        24.82753
       ],
       [
        93.16131,
        24.82753
       ],
       [
        93.16131,
        24.82699
       ]
      ]
     ],
     [
      [
       [
        93.11974,
        24.82648
       ],
       [
        93.12152,
        24.82648
       ],
       [
        93.12152,
        24.82702
       ],
       [
        93.11974,
        24.82702
       ],
       [
        93.11974,
        24.82648
       ]
      ]
     ],
     [
      [
       [
        93.13399,
        24.82647
       ],
       [
        93.13518,
        24.82647
       ],
       [
        93.13518,
        24.82701
       ],
       [
        93.13399,
        24.82701
       ],
       [
        93.13399,
        24.82647
       ]
      ]
     ],
     [
      [
       [
        93.11974,
        24.82594
       ],
       [
        93.12033,
        24.82594
       ],
       [
        93.12034,
        24.82648
       ],
       [
        93.11974,
        24.82648
       ],
       [
        93.11974,
        24.82594
       ]
      ]
     ],
     [
      [
       [
        93.1334,
        24.82593
       ],
       [
        93.13518,
        24.82593
       ],
       [
        93.13518,
        24.82647
       ],
       [
        93.1334,
        24.82647
       ],
       [
        93.1334,
        24.82593
       ]
      ]
     ],
     [
      [
       [
        93.11974,
        24.8254
       ],
       [
        93.12033,
        24.8254
       ],
       [
        93.12033,
        24.82594
       ],
       [
        93.11974,
        24.82594
       ],
       [
        93.11974,
        24.8254
       ]
      ]
     ],
     [
      [
       [
        93.16011,
        24.82374
       ],
       [
        93.16071,
        24.82374
       ],
       [
        93.16071,
        24.82428
       ],
       [
        93.16011,
        24.82428
       ],
       [
        93.16011,
        24.82374
       ]
      ]
     ],
     [
      [
       [
        93.15952,
        24.82319
       ],
       [
        93.16011,
        24.82319
       ],
       [
        93.16011,
        24.82374
       ],
       [
        93.15952,
        24.82374
       ],
       [
        93.15952,
        24.82319
       ]
      ]
     ],
     [
      [
       [
        93.16011,
        24.82265
       ],
       [
        93.1613,
        24.82265
       ],
       [
        93.1613,
        24.82319
       ],
       [
        93.16011,
        24.82319
       ],
       [
        93.16011,
        24.82265
       ]
      ]
     ],
     [
      [
       [
        93.12033,
        24.8189
       ],
       [
        93.12092,
        24.8189
       ],
       [
        93.12092,
        24.81944
       ],
       [
        93.12033,
        24.81944
       ],
       [
        93.12033,
        24.8189
       ]
      ]
     ],
     [
      [
       [
        93.1227,
        24.81673
       ],
       [
        93.12329,
        24.81673
       ],
       [
        93.12329,
        24.81727
       ],
       [
        93.1227,
        24.81727
       ],
       [
        93.1227,
        24.81673
       ]
      ]
     ],
     [
      [
       [
        93.11617,
        24.81511
       ],
       [
        93.11676,
        24.81511
       ],
       [
        93.11676,
        24.81565
       ],
       [
        93.11617,
        24.81565
       ],
       [
        93.11617,
        24.81511
       ]
      ]
     ],
     [
      [
       [
        93.11557,
        24.81457
       ],
       [
        93.11617,
        24.81456
       ],
       [
        93.11617,
        24.81511
       ],
       [
        93.11557,
        24.81511
       ],
       [
        93.11557,
        24.81457
       ]
      ]
     ],
     [
      [
       [
        93.16426,
        24.81452
       ],
       [
        93.16485,
        24.81452
       ],
       [
        93.16485,
        24.81506
       ],
       [
        93.16426,
        24.81506
       ],
       [
        93.16426,
        24.81452
       ]
      ]
     ],
     [
      [
       [
        93.16307,
        24.81398
       ],
       [
        93.16544,
        24.81398
       ],
       [
        93.16545,
        24.81452
       ],
       [
        93.16307,
        24.81452
       ],
       [
        93.16307,
        24.81398
       ]
      ]
     ],
     [
      [
       [
        93.16307,
        24.81344
       ],
       [
        93.16426,
        24.81344
       ],
       [
        93.16426,
        24.81398
       ],
       [
        93.16307,
        24.81398
       ],
       [
        93.16307,
        24.81344
       ]
      ]
     ],
     [
      [
       [
        93.16247,
        24.8129
       ],
       [
        93.16485,
        24.81289
       ],
       [
        93.16485,
        24.81344
       ],
       [
        93.16248,
        24.81344
       ],
       [
        93.16247,
        24.8129
       ]
      ]
     ],
     [
      [
       [
        93.16188,
        24.81235
       ],
       [
        93.16485,
        24.81235
       ],
       [
        93.16485,
        24.81289
       ],
       [
        93.16188,
        24.8129
       ],
       [
        93.16188,
        24.81235
       ]
      ]
     ],
     [
      [
       [
        93.16247,
        24.81181
       ],
       [
        93.16425,
        24.81181
       ],
       [
        93.16425,
        24.81235
       ],
       [
        93.16247,
        24.81235
       ],
       [
        93.16247,
        24.81181
       ]
      ]
     ],
     [
      [
       [
        93.13279,
        24.8113
       ],
       [
        93.13398,
        24.8113
       ],
       [
        93.13398,
        24.81184
       ],
       [
        93.13279,
        24.81184
       ],
       [
        93.13279,
        24.8113
       ]
      ]
     ],
     [
      [
       [
        93.13279,
        24.81076
       ],
       [
        93.13338,
        24.81076
       ],
       [
        93.13338,
        24.8113
       ],
       [
        93.13279,
        24.8113
       ],
       [
        93.13279,
        24.81076
       ]
      ]
     ],
     [
      [
       [
        93.13635,
        24.81021
       ],
       [
        93.13694,
        24.81021
       ],
       [
        93.13694,
        24.81075
       ],
       [
        93.13635,
        24.81075
       ],
       [
        93.13635,
        24.81021
       ]
      ]
     ],
     [
      [
       [
        93.13635,
        24.80967
       ],
       [
        93.13754,
        24.80967
       ],
       [
        93.13754,
        24.81021
       ],
       [
        93.13635,
        24.81021
       ],
       [
        93.13635,
        24.80967
       ]
      ]
     ],
     [
      [
       [
        93.13575,
        24.80913
       ],
       [
        93.13635,
        24.80913
       ],
       [
        93.13635,
        24.80967
       ],
       [
        93.13575,
        24.80967
       ],
       [
        93.13575,
        24.80913
       ]
      ]
     ],
     [
      [
       [
        93.13754,
        24.80913
       ],
       [
        93.13813,
        24.80913
       ],
       [
        93.13813,
        24.80967
       ],
       [
        93.13754,
        24.80967
       ],
       [
        93.13754,
        24.80913
       ]
      ]
     ],
     [
      [
       [
        93.12388,
        24.8086
       ],
       [
        93.12447,
        24.8086
       ],
       [
        93.12447,
        24.80914
       ],
       [
        93.12388,
        24.80914
       ],
       [
        93.12388,
        24.8086
       ]
      ]
     ],
     [
      [
       [
        93.13813,
        24.80859
       ],
       [
        93.13872,
        24.80858
       ],
       [
        93.13872,
        24.80913
       ],
       [
        93.13813,
        24.80913
       ],
       [
        93.13813,
        24.80859
       ]
      ]
     ],
     [
      [
       [
        93.12329,
        24.80806
       ],
       [
        93.12388,
        24.80806
       ],
       [
        93.12388,
        24.8086
       ],
       [
        93.12329,
        24.8086
       ],
       [
        93.12329,
        24.80806
       ]
      ]
     ],
     [
      [
       [
        93.12804,
        24.80805
       ],
       [
        93.12863,
        24.80805
       ],
       [
        93.12863,
        24.80859
       ],
       [
        93.12804,
        24.80859
       ],
       [
        93.12804,
        24.80805
       ]
      ]
     ],
     [
      [
       [
        93.13575,
        24.80805
       ],
       [
        93.13635,
        24.80805
       ],
       [
        93.13635,
        24.80859
       ],
       [
        93.13575,
        24.80859
       ],
       [
        93.13575,
        24.80805
       ]
      ]
     ],
     [
      [
       [
        93.12269,
        24.80751
       ],
       [
        93.12329,
        24.80751
       ],
       [
        93.12329,
        24.80806
       ],
       [
        93.12269,
        24.80806
       ],
       [
        93.12269,
        24.80751
       ]
      ]
     ],
     [
      [
       [
        93.13635,
        24.8075
       ],
       [
        93.13694,
        24.8075
       ],
       [
        93.13694,
        24.80804
       ],
       [
        93.13635,
        24.80805
       ],
       [
        93.13635,
        24.8075
       ]
      ]
     ],
     [
      [
       [
        93.13753,
        24.80588
       ],
       [
        93.13813,
        24.80588
       ],
       [
        93.13813,
        24.80642
       ],
       [
        93.13753,
        24.80642
       ],
       [
        93.13753,
        24.80588
       ]
      ]
     ],
     [
      [
       [
        93.07995,
        24.80538
       ],
       [
        93.08113,
        24.80538
       ],
       [
        93.08113,
        24.80592
       ],
       [
        93.07995,
        24.80592
       ],
       [
        93.07995,
        24.80538
       ]
      ]
     ],
     [
      [
       [
        93.08054,
        24.80483
       ],
       [
        93.08113,
        24.80483
       ],
       [
        93.08113,
        24.80538
       ],
       [
        93.08054,
        24.80538
       ],
       [
        93.08054,
        24.80483
       ]
      ]
     ],
     [
      [
       [
        93.08173,
        24.80375
       ],
       [
        93.08232,
        24.80375
       ],
       [
        93.08232,
        24.80429
       ],
       [
        93.08173,
        24.80429
       ],
       [
        93.08173,
        24.80375
       ]
      ]
     ],
     [
      [
       [
        93.07816,
        24.80321
       ],
       [
        93.07876,
        24.80321
       ],
       [
        93.07876,
        24.80375
       ],
       [
        93.07816,
        24.80375
       ],
       [
        93.07816,
        24.80321
       ]
      ]
     ],
     [
      [
       [
        93.13931,
        24.80317
       ],
       [
        93.1405,
        24.80316
       ],
       [
        93.1405,
        24.80371
       ],
       [
        93.13931,
        24.80371
       ],
       [
        93.13931,
        24.80317
       ]
      ]
     ],
     [
      [
       [
        93.07876,
        24.80267
       ],
       [
        93.08054,
        24.80267
       ],
       [
        93.08054,
        24.80321
       ],
       [
        93.07876,
        24.80321
       ],
       [
        93.07876,
        24.80267
       ]
      ]
     ],
     [
      [
       [
        93.08173,
        24.80267
       ],
       [
        93.08232,
        24.80267
       ],
       [
        93.08232,
        24.80321
       ],
       [
        93.08173,
        24.80321
       ],
       [
        93.08173,
        24.80267
       ]
      ]
     ],
     [
      [
       [
        93.07935,
        24.80213
       ],
       [
        93.07994,
        24.80213
       ],
       [
        93.07994,
        24.80267
       ],
       [
        93.07935,
        24.80267
       ],
       [
        93.07935,
        24.80213
       ]
      ]
     ],
     [
      [
       [
        93.0841,
        24.80212
       ],
       [
        93.08469,
        24.80212
       ],
       [
        93.08469,
        24.80266
       ],
       [
        93.0841,
        24.80266
       ],
       [
        93.0841,
        24.80212
       ]
      ]
     ],
     [
      [
       [
        93.14109,
        24.80208
       ],
       [
        93.14168,
        24.80208
       ],
       [
        93.14168,
        24.80262
       ],
       [
        93.14109,
        24.80262
       ],
       [
        93.14109,
        24.80208
       ]
      ]
     ],
     [
      [
       [
        93.08291,
        24.80158
       ],
       [
        93.0841,
        24.80158
       ],
       [
        93.0841,
        24.80212
       ],
       [
        93.08291,
        24.80212
       ],
       [
        93.08291,
        24.80158
       ]
      ]
     ],
     [
      [
       [
        93.11081,
        24.80156
       ],
       [
        93.11141,
        24.80156
       ],
       [
        93.11141,
        24.80211
       ],
       [
        93.11081,
        24.80211
       ],
       [
        93.11081,
        24.80156
       ]
      ]
     ],
     [
      [
       [
        93.11081,
        24.80102
       ],
       [
        93.11141,
        24.80102
       ],
       [
        93.11141,
        24.80156
       ],
       [
        93.11081,
        24.80156
       ],
       [
        93.11081,
        24.80102
       ]
      ]
     ],
     [
      [
       [
        93.0841,
        24.8005
       ],
       [
        93.08529,
        24.8005
       ],
       [
        93.08529,
        24.80104
       ],
       [
        93.0841,
        24.80104
       ],
       [
        93.0841,
        24.8005
       ]
      ]
     ],
     [
      [
       [
        93.17314,
        24.80042
       ],
       [
        93.17374,
        24.80042
       ],
       [
        93.17374,
        24.80096
       ],
       [
        93.17314,
        24.80096
       ],
       [
        93.17314,
        24.80042
       ]
      ]
     ],
     [
      [
       [
        93.0841,
        24.79996
       ],
       [
        93.08469,
        24.79995
       ],
       [
        93.08469,
        24.8005
       ],
       [
        93.0841,
        24.8005
       ],
       [
        93.0841,
        24.79996
       ]
      ]
     ],
     [
      [
       [
        93.08469,
        24.79941
       ],
       [
        93.08528,
        24.79941
       ],
       [
        93.08529,
        24.79995
       ],
       [
        93.08469,
        24.79995
       ],
       [
        93.08469,
        24.79941
       ]
      ]
     ],
     [
      [
       [
        93.1114,
        24.79885
       ],
       [
        93.112,
        24.79885
       ],
       [
        93.112,
        24.7994
       ],
       [
        93.1114,
        24.7994
       ],
       [
        93.1114,
        24.79885
       ]
      ]
     ],
     [
      [
       [
        93.1114,
        24.79831
       ],
       [
        93.112,
        24.79831
       ],
       [
        93.112,
        24.79885
       ],
       [
        93.1114,
        24.79885
       ],
       [
        93.1114,
        24.79831
       ]
      ]
     ],
     [
      [
       [
        93.11081,
        24.79777
       ],
       [
        93.1114,
        24.79777
       ],
       [
        93.1114,
        24.79831
       ],
       [
        93.11081,
        24.79831
       ],
       [
        93.11081,
        24.79777
       ]
      ]
     ],
     [
      [
       [
        93.14227,
        24.7972
       ],
       [
        93.14286,
        24.7972
       ],
       [
        93.14287,
        24.79774
       ],
       [
        93.14227,
        24.79774
       ],
       [
        93.14227,
        24.7972
       ]
      ]
     ],
     [
      [
       [
        93.28771,
        24.79699
       ],
       [
        93.2883,
        24.79699
       ],
       [
        93.2883,
        24.79753
       ],
       [
        93.28771,
        24.79753
       ],
       [
        93.28771,
        24.79699
       ]
      ]
     ],
     [
      [
       [
        93.08231,
        24.79671
       ],
       [
        93.08291,
        24.7967
       ],
       [
        93.08291,
        24.79725
       ],
       [
        93.08232,
        24.79725
       ],
       [
        93.08231,
        24.79671
       ]
      ]
     ],
     [
      [
       [
        93.14405,
        24.79666
       ],
       [
        93.14583,
        24.79666
       ],
       [
        93.14583,
        24.7972
       ],
       [
        93.14405,
        24.7972
       ],
       [
        93.14405,
        24.79666
       ]
      ]
     ],
     [
      [
       [
        93.08291,
        24.79616
       ],
       [
        93.0835,
        24.79616
       ],
       [
        93.0835,
        24.7967
       ],
       [
        93.08291,
        24.7967
       ],
       [
        93.08291,
        24.79616
       ]
      ]
     ],
     [
      [
       [
        93.14702,
        24.79611
       ],
       [
        93.14821,
        24.79611
       ],
       [
        93.14821,
        24.79665
       ],
       [
        93.14702,
        24.79666
       ],
       [
        93.14702,
        24.79611
       ]
      ]
     ],
     [
      [
       [
        93.17314,
        24.79609
       ],
       [
        93.17373,
        24.79608
       ],
       [
        93.17373,
        24.79663
       ],
       [
        93.17314,
        24.79663
       ],
       [
        93.17314,
        24.79609
       ]
      ]
     ],
     [
      [
       [
        93.08291,
        24.79562
       ],
       [
        93.0835,
        24.79562
       ],
       [
        93.0835,
        24.79616
       ],
       [
        93.08291,
        24.79616
       ],
       [
        93.08291,
        24.79562
       ]
      ]
     ],
     [
      [
       [
        93.08231,
        24.79508
       ],
       [
        93.08291,
        24.79508
       ],
       [
        93.08291,
        24.79562
       ],
       [
        93.08231,
        24.79562
       ],
       [
        93.08231,
        24.79508
       ]
      ]
     ],
     [
      [
       [
        93.17373,
        24.79446
       ],
       [
        93.17432,
        24.79446
       ],
       [
        93.17432,
        24.795
       ],
       [
        93.17373,
        24.795
       ],
       [
        93.17373,
        24.79446
       ]
      ]
     ],
     [
      [
       [
        93.08291,
        24.794
       ],
       [
        93.0835,
        24.79399
       ],
       [
        93.0835,
        24.79454
       ],
       [
        93.08291,
        24.79454
       ],
       [
        93.08291,
        24.794
       ]
      ]
     ],
     [
      [
       [
        93.15533,
        24.79394
       ],
       [
        93.15592,
        24.79394
       ],
       [
        93.15592,
        24.79448
       ],
       [
        93.15533,
        24.79448
       ],
       [
        93.15533,
        24.79394
       ]
      ]
     ],
     [
      [
       [
        93.15176,
        24.7934
       ],
       [
        93.15236,
        24.7934
       ],
       [
        93.15236,
        24.79394
       ],
       [
        93.15176,
        24.79394
       ],
       [
        93.15176,
        24.7934
       ]
      ]
     ],
     [
      [
       [
        93.09062,
        24.79291
       ],
       [
        93.09122,
        24.79291
       ],
       [
        93.09122,
        24.79345
       ],
       [
        93.09062,
        24.79345
       ],
       [
        93.09062,
        24.79291
       ]
      ]
     ],
     [
      [
       [
        93.10724,
        24.7929
       ],
       [
        93.10784,
        24.7929
       ],
       [
        93.10784,
        24.79344
       ],
       [
        93.10724,
        24.79344
       ],
       [
        93.10724,
        24.7929
       ]
      ]
     ],
     [
      [
       [
        93.15176,
        24.79286
       ],
       [
        93.15236,
        24.79286
       ],
       [
        93.15236,
        24.7934
       ],
       [
        93.15176,
        24.7934
       ],
       [
        93.15176,
        24.79286
       ]
      ]
     ],
     [
      [
       [
        93.08409,
        24.79237
       ],
       [
        93.08469,
        24.79237
       ],
       [
        93.08469,
        24.79291
       ],
       [
        93.08409,
        24.79291
       ],
       [
        93.08409,
        24.79237
       ]
      ]
     ],
     [
      [
       [
        93.09003,
        24.79237
       ],
       [
        93.09062,
        24.79237
       ],
       [
        93.09062,
        24.79291
       ],
       [
        93.09003,
        24.79291
       ],
       [
        93.09003,
        24.79237
       ]
      ]
     ],
     [
      [
       [
        93.10724,
        24.79235
       ],
       [
        93.10902,
        24.79235
       ],
       [
        93.10902,
        24.79289
       ],
       [
        93.10724,
        24.7929
       ],
       [
        93.10724,
        24.79235
       ]
      ]
     ],
     [
      [
       [
        93.12268,
        24.79234
       ],
       [
        93.12327,
        24.79234
       ],
       [
        93.12327,
        24.79288
       ],
       [
        93.12268,
        24.79288
       ],
       [
        93.12268,
        24.79234
       ]
      ]
     ],
     [
      [
       [
        93.08469,
        24.79183
       ],
       [
        93.08528,
        24.79183
       ],
       [
        93.08528,
        24.79237
       ],
       [
        93.08469,
        24.79237
       ],
       [
        93.08469,
        24.79183
       ]
      ]
     ],
     [
      [
       [
        93.10665,
        24.79181
       ],
       [
        93.10843,
        24.79181
       ],
       [
        93.10843,
        24.79235
       ],
       [
        93.10665,
        24.79235
       ],
       [
        93.10665,
        24.79181
       ]
      ]
     ],
     [
      [
       [
        93.12208,
        24.7918
       ],
       [
        93.12327,
        24.7918
       ],
       [
        93.12327,
        24.79234
       ],
       [
        93.12208,
        24.79234
       ],
       [
        93.12208,
        24.7918
       ]
      ]
     ],
     [
      [
       [
        93.08469,
        24.79128
       ],
       [
        93.08528,
        24.79128
       ],
       [
        93.08528,
        24.79183
       ],
       [
        93.08469,
        24.79183
       ],
       [
        93.08469,
        24.79128
       ]
      ]
     ],
     [
      [
       [
        93.10487,
        24.79127
       ],
       [
        93.10606,
        24.79127
       ],
       [
        93.10606,
        24.79181
       ],
       [
        93.10487,
        24.79181
       ],
       [
        93.10487,
        24.79127
       ]
      ]
     ],
     [
      [
       [
        93.10665,
        24.79127
       ],
       [
        93.10784,
        24.79127
       ],
       [
        93.10784,
        24.79181
       ],
       [
        93.10665,
        24.79181
       ],
       [
        93.10665,
        24.79127
       ]
      ]
     ],
     [
      [
       [
        93.12149,
        24.79126
       ],
       [
        93.12268,
        24.79126
       ],
       [
        93.12268,
        24.7918
       ],
       [
        93.12149,
        24.7918
       ],
       [
        93.12149,
        24.79126
       ]
      ]
     ],
     [
      [
       [
        93.08409,
        24.79074
       ],
       [
        93.08528,
        24.79074
       ],
       [
        93.08528,
        24.79128
       ],
       [
        93.08409,
        24.79129
       ],
       [
        93.08409,
        24.79074
       ]
      ]
     ],
     [
      [
       [
        93.08647,
        24.79074
       ],
       [
        93.08765,
        24.79074
       ],
       [
        93.08765,
        24.79128
       ],
       [
        93.08647,
        24.79128
       ],
       [
        93.08647,
        24.79074
       ]
      ]
     ],
     [
      [
       [
        93.10487,
        24.79073
       ],
       [
        93.10784,
        24.79073
       ],
       [
        93.10784,
        24.79127
       ],
       [
        93.10487,
        24.79127
       ],
       [
        93.10487,
        24.79073
       ]
      ]
     ],
     [
      [
       [
        93.11555,
        24.79072
       ],
       [
        93.11674,
        24.79072
       ],
       [
        93.11674,
        24.79126
       ],
       [
        93.11555,
        24.79126
       ],
       [
        93.11555,
        24.79072
       ]
      ]
     ],
     [
      [
       [
        93.11733,
        24.79072
       ],
       [
        93.11852,
        24.79072
       ],
       [
        93.11852,
        24.79126
       ],
       [
        93.11733,
        24.79126
       ],
       [
        93.11733,
        24.79072
       ]
      ]
     ],
     [
      [
       [
        93.12149,
        24.79072
       ],
       [
        93.12268,
        24.79072
       ],
       [
        93.12268,
        24.79126
       ],
       [
        93.12149,
        24.79126
       ],
       [
        93.12149,
        24.79072
       ]
      ]
     ],
     [
      [
       [
        93.28413,
        24.7905
       ],
       [
        93.28472,
        24.7905
       ],
       [
        93.28473,
        24.79104
       ],
       [
        93.28413,
        24.79104
       ],
       [
        93.28413,
        24.7905
       ]
      ]
     ],
     [
      [
       [
        93.08172,
        24.7902
       ],
       [
        93.08231,
        24.7902
       ],
       [
        93.08231,
        24.79074
       ],
       [
        93.08172,
        24.79074
       ],
       [
        93.08172,
        24.7902
       ]
      ]
     ],
     [
      [
       [
        93.08469,
        24.7902
       ],
       [
        93.08528,
        24.7902
       ],
       [
        93.08528,
        24.79074
       ],
       [
        93.08469,
        24.79074
       ],
       [
        93.08469,
        24.7902
       ]
      ]
     ],
     [
      [
       [
        93.10487,
        24.79019
       ],
       [
        93.10724,
        24.79019
       ],
       [
        93.10724,
        24.79073
       ],
       [
        93.10487,
        24.79073
       ],
       [
        93.10487,
        24.79019
       ]
      ]
     ],
     [
      [
       [
        93.11436,
        24.79018
       ],
       [
        93.11852,
        24.79018
       ],
       [
        93.11852,
        24.79072
       ],
       [
        93.11436,
        24.79072
       ],
       [
        93.11436,
        24.79018
       ]
      ]
     ],
     [
      [
       [
        93.12089,
        24.79018
       ],
       [
        93.12267,
        24.79017
       ],
       [
        93.12268,
        24.79072
       ],
       [
        93.12089,
        24.79072
       ],
       [
        93.12089,
        24.79018
       ]
      ]
     ],
     [
      [
       [
        93.15651,
        24.79014
       ],
       [
        93.1571,
        24.79014
       ],
       [
        93.1571,
        24.79068
       ],
       [
        93.15651,
        24.79069
       ],
       [
        93.15651,
        24.79014
       ]
      ]
     ],
     [
      [
       [
        93.08172,
        24.78966
       ],
       [
        93.08231,
        24.78966
       ],
       [
        93.08231,
        24.7902
       ],
       [
        93.08172,
        24.7902
       ],
       [
        93.08172,
        24.78966
       ]
      ]
     ],
     [
      [
       [
        93.08409,
        24.78966
       ],
       [
        93.08468,
        24.78966
       ],
       [
        93.08469,
        24.7902
       ],
       [
        93.08409,
        24.7902
       ],
       [
        93.08409,
        24.78966
       ]
      ]
     ],
     [
      [
       [
        93.10605,
        24.78965
       ],
       [
        93.10724,
        24.78964
       ],
       [
        93.10724,
        24.79019
       ],
       [
        93.10605,
        24.79019
       ],
       [
        93.10605,
        24.78965
       ]
      ]
     ],
     [
      [
       [
        93.11436,
        24.78964
       ],
       [
        93.11911,
        24.78964
       ],
       [
        93.11911,
        24.79018
       ],
       [
        93.11436,
        24.79018
       ],
       [
        93.11436,
        24.78964
       ]
      ]
     ],
     [
      [
       [
        93.1203,
        24.78963
       ],
       [
        93.12149,
        24.78963
       ],
       [
        93.12149,
        24.79018
       ],
       [
        93.1203,
        24.79018
       ],
       [
        93.1203,
        24.78963
       ]
      ]
     ],
     [
      [
       [
        93.15473,
        24.7896
       ],
       [
        93.15532,
        24.7896
       ],
       [
        93.15532,
        24.79014
       ],
       [
        93.15473,
        24.79015
       ],
       [
        93.15473,
        24.7896
       ]
      ]
     ],
     [
      [
       [
        93.08112,
        24.78912
       ],
       [
        93.08231,
        24.78912
       ],
       [
        93.08231,
        24.78966
       ],
       [
        93.08112,
        24.78966
       ],
       [
        93.08112,
        24.78912
       ]
      ]
     ],
     [
      [
       [
        93.08409,
        24.78912
       ],
       [
        93.08468,
        24.78912
       ],
       [
        93.08468,
        24.78966
       ],
       [
        93.08409,
        24.78966
       ],
       [
        93.08409,
        24.78912
       ]
      ]
     ],
     [
      [
       [
        93.10487,
        24.7891
       ],
       [
        93.10665,
        24.7891
       ],
       [
        93.10665,
        24.78965
       ],
       [
        93.10487,
        24.78965
       ],
       [
        93.10487,
        24.7891
       ]
      ]
     ],
     [
      [
       [
        93.11555,
        24.7891
       ],
       [
        93.11674,
        24.7891
       ],
       [
        93.11674,
        24.78964
       ],
       [
        93.11555,
        24.78964
       ],
       [
        93.11555,
        24.7891
       ]
      ]
     ],
     [
      [
       [
        93.11733,
        24.7891
       ],
       [
        93.11911,
        24.78909
       ],
       [
        93.11911,
        24.78964
       ],
       [
        93.11733,
        24.78964
       ],
       [
        93.11733,
        24.7891
       ]
      ]
     ],
     [
      [
       [
        93.11971,
        24.78909
       ],
       [
        93.12149,
        24.78909
       ],
       [
        93.12149,
        24.78963
       ],
       [
        93.11971,
        24.78964
       ],
       [
        93.11971,
        24.78909
       ]
      ]
     ],
     [
      [
       [
        93.0835,
        24.78858
       ],
       [
        93.08468,
        24.78858
       ],
       [
        93.08468,
        24.78912
       ],
       [
        93.0835,
        24.78912
       ],
       [
        93.0835,
        24.78858
       ]
      ]
     ],
     [
      [
       [
        93.10487,
        24.78856
       ],
       [
        93.10665,
        24.78856
       ],
       [
        93.10665,
        24.7891
       ],
       [
        93.10487,
        24.7891
       ],
       [
        93.10487,
        24.78856
       ]
      ]
     ],
     [
      [
       [
        93.11733,
        24.78855
       ],
       [
        93.11911,
        24.78855
       ],
       [
        93.11911,
        24.78909
       ],
       [
        93.11733,
        24.7891
       ],
       [
        93.11733,
        24.78855
       ]
      ]
     ],
     [
      [
       [
        93.11971,
        24.78855
       ],
       [
        93.12149,
        24.78855
       ],
       [
        93.12149,
        24.78909
       ],
       [
        93.11971,
        24.78909
       ],
       [
        93.11971,
        24.78855
       ]
      ]
     ],
     [
      [
       [
        93.0835,
        24.78803
       ],
       [
        93.08409,
        24.78803
       ],
       [
        93.08409,
        24.78858
       ],
       [
        93.0835,
        24.78858
       ],
       [
        93.0835,
        24.78803
       ]
      ]
     ],
     [
      [
       [
        93.10487,
        24.78802
       ],
       [
        93.10605,
        24.78802
       ],
       [
        93.10605,
        24.78856
       ],
       [
        93.10487,
        24.78856
       ],
       [
        93.10487,
        24.78802
       ]
      ]
     ],
     [
      [
       [
        93.11792,
        24.78801
       ],
       [
        93.11911,
        24.78801
       ],
       [
        93.11911,
        24.78855
       ],
       [
        93.11792,
        24.78855
       ],
       [
        93.11792,
        24.78801
       ]
      ]
     ],
     [
      [
       [
        93.08409,
        24.78749
       ],
       [
        93.08468,
        24.78749
       ],
       [
        93.08468,
        24.78803
       ],
       [
        93.08409,
        24.78803
       ],
       [
        93.08409,
        24.78749
       ]
      ]
     ],
     [
      [
       [
        93.10486,
        24.78748
       ],
       [
        93.10605,
        24.78748
       ],
       [
        93.10605,
        24.78802
       ],
       [
        93.10487,
        24.78802
       ],
       [
        93.10486,
        24.78748
       ]
      ]
     ],
     [
      [
       [
        93.10486,
        24.78694
       ],
       [
        93.10605,
        24.78694
       ],
       [
        93.10605,
        24.78748
       ],
       [
        93.10486,
        24.78748
       ],
       [
        93.10486,
        24.78694
       ]
      ]
     ],
     [
      [
       [
        93.28056,
        24.78671
       ],
       [
        93.28115,
        24.78671
       ],
       [
        93.28115,
        24.78725
       ],
       [
        93.28056,
        24.78725
       ],
       [
        93.28056,
        24.78671
       ]
      ]
     ],
     [
      [
       [
        93.10486,
        24.7864
       ],
       [
        93.10546,
        24.78639
       ],
       [
        93.10546,
        24.78694
       ],
       [
        93.10486,
        24.78694
       ],
       [
        93.10486,
        24.7864
       ]
      ]
     ],
     [
      [
       [
        93.10486,
        24.78585
       ],
       [
        93.10546,
        24.78585
       ],
       [
        93.10546,
        24.78639
       ],
       [
        93.10486,
        24.7864
       ],
       [
        93.10486,
        24.78585
       ]
      ]
     ],
     [
      [
       [
        93.10486,
        24.78531
       ],
       [
        93.10546,
        24.78531
       ],
       [
        93.10546,
        24.78585
       ],
       [
        93.10486,
        24.78585
       ],
       [
        93.10486,
        24.78531
       ]
      ]
     ],
     [
      [
       [
        93.11614,
        24.78476
       ],
       [
        93.11673,
        24.78476
       ],
       [
        93.11673,
        24.7853
       ],
       [
        93.11614,
        24.7853
       ],
       [
        93.11614,
        24.78476
       ]
      ]
     ],
     [
      [
       [
        93.11733,
        24.78476
       ],
       [
        93.11911,
        24.78476
       ],
       [
        93.11911,
        24.7853
       ],
       [
        93.11733,
        24.7853
       ],
       [
        93.11733,
        24.78476
       ]
      ]
     ],
     [
      [
       [
        93.08527,
        24.78424
       ],
       [
        93.08706,
        24.78424
       ],
       [
        93.08706,
        24.78478
       ],
       [
        93.08527,
        24.78478
       ],
       [
        93.08527,
        24.78424
       ]
      ]
     ],
     [
      [
       [
        93.0924,
        24.78424
       ],
       [
        93.09299,
        24.78424
       ],
       [
        93.09299,
        24.78478
       ],
       [
        93.0924,
        24.78478
       ],
       [
        93.0924,
        24.78424
       ]
      ]
     ],
     [
      [
       [
        93.11673,
        24.78422
       ],
       [
        93.12029,
        24.78422
       ],
       [
        93.12029,
        24.78476
       ],
       [
        93.11673,
        24.78476
       ],
       [
        93.11673,
        24.78422
       ]
      ]
     ],
     [
      [
       [
        93.08527,
        24.7837
       ],
       [
        93.08705,
        24.7837
       ],
       [
        93.08706,
        24.78424
       ],
       [
        93.08527,
        24.78424
       ],
       [
        93.08527,
        24.7837
       ]
      ]
     ],
     [
      [
       [
        93.11911,
        24.78368
       ],
       [
        93.12029,
        24.78367
       ],
       [
        93.12029,
        24.78422
       ],
       [
        93.11911,
        24.78422
       ],
       [
        93.11911,
        24.78368
       ]
      ]
     ],
     [
      [
       [
        93.12089,
        24.78367
       ],
       [
        93.12148,
        24.78367
       ],
       [
        93.12148,
        24.78422
       ],
       [
        93.12089,
        24.78422
       ],
       [
        93.12089,
        24.78367
       ]
      ]
     ],
     [
      [
       [
        93.27996,
        24.78346
       ],
       [
        93.28055,
        24.78346
       ],
       [
        93.28055,
        24.784
       ],
       [
        93.27996,
        24.784
       ],
       [
        93.27996,
        24.78346
       ]
      ]
     ],
     [
      [
       [
        93.08587,
        24.78316
       ],
       [
        93.08765,
        24.78316
       ],
       [
        93.08765,
        24.7837
       ],
       [
        93.08587,
        24.7837
       ],
       [
        93.08587,
        24.78316
       ]
      ]
     ],
     [
      [
       [
        93.10486,
        24.78314
       ],
       [
        93.10545,
        24.78314
       ],
       [
        93.10546,
        24.78369
       ],
       [
        93.10486,
        24.78369
       ],
       [
        93.10486,
        24.78314
       ]
      ]
     ],
     [
      [
       [
        93.12207,
        24.78313
       ],
       [
        93.12267,
        24.78313
       ],
       [
        93.12267,
        24.78367
       ],
       [
        93.12207,
        24.78367
       ],
       [
        93.12207,
        24.78313
       ]
      ]
     ],
     [
      [
       [
        93.28055,
        24.78292
       ],
       [
        93.28233,
        24.78291
       ],
       [
        93.28233,
        24.78346
       ],
       [
        93.28055,
        24.78346
       ],
       [
        93.28055,
        24.78292
       ]
      ]
     ],
     [
      [
       [
        93.08824,
        24.78261
       ],
       [
        93.08883,
        24.78261
       ],
       [
        93.08884,
        24.78315
       ],
       [
        93.08824,
        24.78315
       ],
       [
        93.08824,
        24.78261
       ]
      ]
     ],
     [
      [
       [
        93.08943,
        24.78261
       ],
       [
        93.09002,
        24.78261
       ],
       [
        93.09002,
        24.78315
       ],
       [
        93.08943,
        24.78315
       ],
       [
        93.08943,
        24.78261
       ]
      ]
     ],
     [
      [
       [
        93.28233,
        24.78237
       ],
       [
        93.28292,
        24.78237
       ],
       [
        93.28293,
        24.78291
       ],
       [
        93.28233,
        24.78291
       ],
       [
        93.28233,
        24.78237
       ]
      ]
     ],
     [
      [
       [
        93.27877,
        24.78184
       ],
       [
        93.27936,
        24.78184
       ],
       [
        93.27936,
        24.78238
       ],
       [
        93.27877,
        24.78238
       ],
       [
        93.27877,
        24.78184
       ]
      ]
     ],
     [
      [
       [
        93.28174,
        24.78129
       ],
       [
        93.28233,
        24.78129
       ],
       [
        93.28233,
        24.78183
       ],
       [
        93.28174,
        24.78183
       ],
       [
        93.28174,
        24.78129
       ]
      ]
     ],
     [
      [
       [
        93.28173,
        24.78075
       ],
       [
        93.28233,
        24.78075
       ],
       [
        93.28233,
        24.78129
       ],
       [
        93.28174,
        24.78129
       ],
       [
        93.28173,
        24.78075
       ]
      ]
     ],
     [
      [
       [
        93.08883,
        24.78044
       ],
       [
        93.08943,
        24.78044
       ],
       [
        93.08943,
        24.78099
       ],
       [
        93.08883,
        24.78099
       ],
       [
        93.08883,
        24.78044
       ]
      ]
     ],
     [
      [
       [
        93.20991,
        24.78032
       ],
       [
        93.21051,
        24.78032
       ],
       [
        93.21051,
        24.78087
       ],
       [
        93.20992,
        24.78087
       ],
       [
        93.20991,
        24.78032
       ]
      ]
     ],
     [
      [
       [
        93.09714,
        24.77936
       ],
       [
        93.09774,
        24.77936
       ],
       [
        93.09774,
        24.7799
       ],
       [
        93.09714,
        24.7799
       ],
       [
        93.09714,
        24.77936
       ]
      ]
     ],
     [
      [
       [
        93.08883,
        24.77882
       ],
       [
        93.08943,
        24.77882
       ],
       [
        93.08943,
        24.77936
       ],
       [
        93.08883,
        24.77936
       ],
       [
        93.08883,
        24.77882
       ]
      ]
     ],
     [
      [
       [
        93.09714,
        24.77881
       ],
       [
        93.09774,
        24.77881
       ],
       [
        93.09774,
        24.77936
       ],
       [
        93.09714,
        24.77936
       ],
       [
        93.09714,
        24.77881
       ]
      ]
     ],
     [
      [
       [
        93.08883,
        24.77828
       ],
       [
        93.08943,
        24.77828
       ],
       [
        93.08943,
        24.77882
       ],
       [
        93.08883,
        24.77882
       ],
       [
        93.08883,
        24.77828
       ]
      ]
     ],
     [
      [
       [
        93.09061,
        24.77828
       ],
       [
        93.0918,
        24.77828
       ],
       [
        93.0918,
        24.77882
       ],
       [
        93.09061,
        24.77882
       ],
       [
        93.09061,
        24.77828
       ]
      ]
     ],
     [
      [
       [
        93.11079,
        24.77826
       ],
       [
        93.11139,
        24.77826
       ],
       [
        93.11139,
        24.7788
       ],
       [
        93.11079,
        24.7788
       ],
       [
        93.11079,
        24.77826
       ]
      ]
     ],
     [
      [
       [
        93.09477,
        24.77773
       ],
       [
        93.09536,
        24.77773
       ],
       [
        93.09536,
        24.77827
       ],
       [
        93.09477,
        24.77827
       ],
       [
        93.09477,
        24.77773
       ]
      ]
     ],
     [
      [
       [
        93.1102,
        24.77772
       ],
       [
        93.11198,
        24.77772
       ],
       [
        93.11198,
        24.77826
       ],
       [
        93.1102,
        24.77826
       ],
       [
        93.1102,
        24.77772
       ]
      ]
     ],
     [
      [
       [
        93.28469,
        24.77749
       ],
       [
        93.28529,
        24.77749
       ],
       [
        93.28529,
        24.77803
       ],
       [
        93.2847,
        24.77803
       ],
       [
        93.28469,
        24.77749
       ]
      ]
     ],
     [
      [
       [
        93.09477,
        24.77719
       ],
       [
        93.09536,
        24.77719
       ],
       [
        93.09536,
        24.77773
       ],
       [
        93.09477,
        24.77773
       ],
       [
        93.09477,
        24.77719
       ]
      ]
     ],
     [
      [
       [
        93.11079,
        24.77718
       ],
       [
        93.11138,
        24.77718
       ],
       [
        93.11139,
        24.77772
       ],
       [
        93.11079,
        24.77772
       ],
       [
        93.11079,
        24.77718
       ]
      ]
     ],
     [
      [
       [
        93.28469,
        24.77695
       ],
       [
        93.28529,
        24.77695
       ],
       [
        93.28529,
        24.77749
       ],
       [
        93.28469,
        24.77749
       ],
       [
        93.28469,
        24.77695
       ]
      ]
     ],
     [
      [
       [
        93.09477,
        24.77665
       ],
       [
        93.09536,
        24.77665
       ],
       [
        93.09536,
        24.77719
       ],
       [
        93.09477,
        24.77719
       ],
       [
        93.09477,
        24.77665
       ]
      ]
     ],
     [
      [
       [
        93.11079,
        24.77664
       ],
       [
        93.11198,
        24.77664
       ],
       [
        93.11198,
        24.77718
       ],
       [
        93.11079,
        24.77718
       ],
       [
        93.11079,
        24.77664
       ]
      ]
     ],
     [
      [
       [
        93.11257,
        24.77664
       ],
       [
        93.11316,
        24.77664
       ],
       [
        93.11317,
        24.77718
       ],
       [
        93.11257,
        24.77718
       ],
       [
        93.11257,
        24.77664
       ]
      ]
     ],
     [
      [
       [
        93.28054,
        24.77642
       ],
       [
        93.28113,
        24.77641
       ],
       [
        93.28113,
        24.77696
       ],
       [
        93.28054,
        24.77696
       ],
       [
        93.28054,
        24.77642
       ]
      ]
     ],
     [
      [
       [
        93.28529,
        24.77641
       ],
       [
        93.28588,
        24.77641
       ],
       [
        93.28588,
        24.77695
       ],
       [
        93.28529,
        24.77695
       ],
       [
        93.28529,
        24.77641
       ]
      ]
     ],
     [
      [
       [
        93.11138,
        24.77609
       ],
       [
        93.11376,
        24.77609
       ],
       [
        93.11376,
        24.77663
       ],
       [
        93.11138,
        24.77664
       ],
       [
        93.11138,
        24.77609
       ]
      ]
     ],
     [
      [
       [
        93.13869,
        24.77607
       ],
       [
        93.13928,
        24.77607
       ],
       [
        93.13928,
        24.77661
       ],
       [
        93.13869,
        24.77661
       ],
       [
        93.13869,
        24.77607
       ]
      ]
     ],
     [
      [
       [
        93.28528,
        24.77586
       ],
       [
        93.28588,
        24.77586
       ],
       [
        93.28588,
        24.77641
       ],
       [
        93.28529,
        24.77641
       ],
       [
        93.28528,
        24.77586
       ]
      ]
     ],
     [
      [
       [
        93.11198,
        24.77555
       ],
       [
        93.11435,
        24.77555
       ],
       [
        93.11435,
        24.77609
       ],
       [
        93.11198,
        24.77609
       ],
       [
        93.11198,
        24.77555
       ]
      ]
     ],
     [
      [
       [
        93.12622,
        24.77554
       ],
       [
        93.12681,
        24.77554
       ],
       [
        93.12682,
        24.77608
       ],
       [
        93.12622,
        24.77608
       ],
       [
        93.12622,
        24.77554
       ]
      ]
     ],
     [
      [
       [
        93.11376,
        24.77501
       ],
       [
        93.11494,
        24.77501
       ],
       [
        93.11494,
        24.77555
       ],
       [
        93.11376,
        24.77555
       ],
       [
        93.11376,
        24.77501
       ]
      ]
     ],
     [
      [
       [
        93.11435,
        24.77447
       ],
       [
        93.11554,
        24.77447
       ],
       [
        93.11554,
        24.77501
       ],
       [
        93.11435,
        24.77501
       ],
       [
        93.11435,
        24.77447
       ]
      ]
     ],
     [
      [
       [
        93.12681,
        24.77446
       ],
       [
        93.12741,
        24.77446
       ],
       [
        93.12741,
        24.775
       ],
       [
        93.12681,
        24.775
       ],
       [
        93.12681,
        24.77446
       ]
      ]
     ],
     [
      [
       [
        93.11494,
        24.77392
       ],
       [
        93.11613,
        24.77392
       ],
       [
        93.11613,
        24.77447
       ],
       [
        93.11494,
        24.77447
       ],
       [
        93.11494,
        24.77392
       ]
      ]
     ],
     [
      [
       [
        93.128,
        24.77391
       ],
       [
        93.12919,
        24.77391
       ],
       [
        93.12919,
        24.77445
       ],
       [
        93.128,
        24.77446
       ],
       [
        93.128,
        24.77391
       ]
      ]
     ],
     [
      [
       [
        93.12741,
        24.77337
       ],
       [
        93.12978,
        24.77337
       ],
       [
        93.12978,
        24.77391
       ],
       [
        93.12741,
        24.77391
       ],
       [
        93.12741,
        24.77337
       ]
      ]
     ],
     [
      [
       [
        93.12741,
        24.77283
       ],
       [
        93.128,
        24.77283
       ],
       [
        93.128,
        24.77337
       ],
       [
        93.12741,
        24.77337
       ],
       [
        93.12741,
        24.77283
       ]
      ]
     ],
     [
      [
       [
        93.12859,
        24.77283
       ],
       [
        93.13215,
        24.77283
       ],
       [
        93.13215,
        24.77337
       ],
       [
        93.12859,
        24.77337
       ],
       [
        93.12859,
        24.77283
       ]
      ]
     ],
     [
      [
       [
        93.12919,
        24.77229
       ],
       [
        93.13156,
        24.77229
       ],
       [
        93.13156,
        24.77283
       ],
       [
        93.12919,
        24.77283
       ],
       [
        93.12919,
        24.77229
       ]
      ]
     ],
     [
      [
       [
        93.13215,
        24.77228
       ],
       [
        93.13275,
        24.77228
       ],
       [
        93.13275,
        24.77283
       ],
       [
        93.13215,
        24.77283
       ],
       [
        93.13215,
        24.77228
       ]
      ]
     ],
     [
      [
       [
        93.12978,
        24.77174
       ],
       [
        93.13037,
        24.77174
       ],
       [
        93.13037,
        24.77229
       ],
       [
        93.12978,
        24.77229
       ],
       [
        93.12978,
        24.77174
       ]
      ]
     ],
     [
      [
       [
        93.13215,
        24.77174
       ],
       [
        93.13334,
        24.77174
       ],
       [
        93.13334,
        24.77228
       ],
       [
        93.13215,
        24.77228
       ],
       [
        93.13215,
        24.77174
       ]
      ]
     ],
     [
      [
       [
        93.09714,
        24.77123
       ],
       [
        93.09773,
        24.77123
       ],
       [
        93.09773,
        24.77177
       ],
       [
        93.09714,
        24.77177
       ],
       [
        93.09714,
        24.77123
       ]
      ]
     ],
     [
      [
       [
        93.09832,
        24.77123
       ],
       [
        93.09892,
        24.77123
       ],
       [
        93.09892,
        24.77177
       ],
       [
        93.09832,
        24.77177
       ],
       [
        93.09832,
        24.77123
       ]
      ]
     ],
     [
      [
       [
        93.10544,
        24.77122
       ],
       [
        93.10604,
        24.77122
       ],
       [
        93.10604,
        24.77176
       ],
       [
        93.10544,
        24.77176
       ],
       [
        93.10544,
        24.77122
       ]
      ]
     ],
     [
      [
       [
        93.13334,
        24.7712
       ],
       [
        93.13393,
        24.7712
       ],
       [
        93.13393,
        24.77174
       ],
       [
        93.13334,
        24.77174
       ],
       [
        93.13334,
        24.7712
       ]
      ]
     ],
     [
      [
       [
        93.09832,
        24.77069
       ],
       [
        93.09892,
        24.77068
       ],
       [
        93.09892,
        24.77123
       ],
       [
        93.09832,
        24.77123
       ],
       [
        93.09832,
        24.77069
       ]
      ]
     ],
     [
      [
       [
        93.10544,
        24.77068
       ],
       [
        93.10604,
        24.77068
       ],
       [
        93.10604,
        24.77122
       ],
       [
        93.10544,
        24.77122
       ],
       [
        93.10544,
        24.77068
       ]
      ]
     ],
     [
      [
       [
        93.13452,
        24.76957
       ],
       [
        93.13571,
        24.76957
       ],
       [
        93.13571,
        24.77011
       ],
       [
        93.13452,
        24.77012
       ],
       [
        93.13452,
        24.76957
       ]
      ]
     ],
     [
      [
       [
        93.12028,
        24.76904
       ],
       [
        93.12147,
        24.76904
       ],
       [
        93.12147,
        24.76958
       ],
       [
        93.12028,
        24.76959
       ],
       [
        93.12028,
        24.76904
       ]
      ]
     ],
     [
      [
       [
        93.12918,
        24.76904
       ],
       [
        93.12978,
        24.76904
       ],
       [
        93.12978,
        24.76958
       ],
       [
        93.12918,
        24.76958
       ],
       [
        93.12918,
        24.76904
       ]
      ]
     ],
     [
      [
       [
        93.28111,
        24.76883
       ],
       [
        93.28171,
        24.76883
       ],
       [
        93.28171,
        24.76937
       ],
       [
        93.28111,
        24.76937
       ],
       [
        93.28111,
        24.76883
       ]
      ]
     ],
     [
      [
       [
        93.12087,
        24.7685
       ],
       [
        93.12147,
        24.7685
       ],
       [
        93.12147,
        24.76904
       ],
       [
        93.12087,
        24.76904
       ],
       [
        93.12087,
        24.7685
       ]
      ]
     ],
     [
      [
       [
        93.28111,
        24.76829
       ],
       [
        93.28171,
        24.76828
       ],
       [
        93.28171,
        24.76883
       ],
       [
        93.28111,
        24.76883
       ],
       [
        93.28111,
        24.76829
       ]
      ]
     ],
     [
      [
       [
        93.28111,
        24.76774
       ],
       [
        93.2823,
        24.76774
       ],
       [
        93.2823,
        24.76828
       ],
       [
        93.28111,
        24.76829
       ],
       [
        93.28111,
        24.76774
       ]
      ]
     ],
     [
      [
       [
        93.11968,
        24.76633
       ],
       [
        93.12087,
        24.76633
       ],
       [
        93.12087,
        24.76688
       ],
       [
        93.11968,
        24.76688
       ],
       [
        93.11968,
        24.76633
       ]
      ]
     ],
     [
      [
       [
        93.12503,
        24.76633
       ],
       [
        93.12562,
        24.76633
       ],
       [
        93.12562,
        24.76687
       ],
       [
        93.12503,
        24.76687
       ],
       [
        93.12503,
        24.76633
       ]
      ]
     ],
     [
      [
       [
        93.11968,
        24.76579
       ],
       [
        93.12028,
        24.76579
       ],
       [
        93.12028,
        24.76633
       ],
       [
        93.11968,
        24.76633
       ],
       [
        93.11968,
        24.76579
       ]
      ]
     ],
     [
      [
       [
        93.12502,
        24.76579
       ],
       [
        93.12621,
        24.76579
       ],
       [
        93.12621,
        24.76633
       ],
       [
        93.12503,
        24.76633
       ],
       [
        93.12502,
        24.76579
       ]
      ]
     ],
     [
      [
       [
        93.11672,
        24.76525
       ],
       [
        93.11731,
        24.76525
       ],
       [
        93.11731,
        24.76579
       ],
       [
        93.11672,
        24.76579
       ],
       [
        93.11672,
        24.76525
       ]
      ]
     ],
     [
      [
       [
        93.12502,
        24.7647
       ],
       [
        93.12562,
        24.7647
       ],
       [
        93.12562,
        24.76525
       ],
       [
        93.12502,
        24.76525
       ],
       [
        93.12502,
        24.7647
       ]
      ]
     ],
     [
      [
       [
        93.11671,
        24.76417
       ],
       [
        93.11731,
        24.76417
       ],
       [
        93.11731,
        24.76471
       ],
       [
        93.11671,
        24.76471
       ],
       [
        93.11671,
        24.76417
       ]
      ]
     ],
     [
      [
       [
        93.12384,
        24.76416
       ],
       [
        93.12562,
        24.76416
       ],
       [
        93.12562,
        24.7647
       ],
       [
        93.12384,
        24.76471
       ],
       [
        93.12384,
        24.76416
       ]
      ]
     ],
     [
      [
       [
        93.12621,
        24.76416
       ],
       [
        93.1268,
        24.76416
       ],
       [
        93.1268,
        24.7647
       ],
       [
        93.12621,
        24.7647
       ],
       [
        93.12621,
        24.76416
       ]
      ]
     ],
     [
      [
       [
        93.12918,
        24.76416
       ],
       [
        93.12977,
        24.76416
       ],
       [
        93.12977,
        24.7647
       ],
       [
        93.12918,
        24.7647
       ],
       [
        93.12918,
        24.76416
       ]
      ]
     ],
     [
      [
       [
        93.12384,
        24.76362
       ],
       [
        93.12562,
        24.76362
       ],
       [
        93.12562,
        24.76416
       ],
       [
        93.12384,
        24.76416
       ],
       [
        93.12384,
        24.76362
       ]
      ]
     ],
     [
      [
       [
        93.12621,
        24.76362
       ],
       [
        93.1268,
        24.76362
       ],
       [
        93.1268,
        24.76416
       ],
       [
        93.12621,
        24.76416
       ],
       [
        93.12621,
        24.76362
       ]
      ]
     ],
     [
      [
       [
        93.12146,
        24.76308
       ],
       [
        93.12265,
        24.76308
       ],
       [
        93.12265,
        24.76362
       ],
       [
        93.12146,
        24.76362
       ],
       [
        93.12146,
        24.76308
       ]
      ]
     ],
     [
      [
       [
        93.12383,
        24.76308
       ],
       [
        93.1274,
        24.76308
       ],
       [
        93.1274,
        24.76362
       ],
       [
        93.12384,
        24.76362
       ],
       [
        93.12383,
        24.76308
       ]
      ]
     ],
     [
      [
       [
        93.13096,
        24.76307
       ],
       [
        93.13155,
        24.76307
       ],
       [
        93.13155,
        24.76362
       ],
       [
        93.13096,
        24.76362
       ],
       [
        93.13096,
        24.76307
       ]
      ]
     ],
     [
      [
       [
        93.13274,
        24.76307
       ],
       [
        93.13333,
        24.76307
       ],
       [
        93.13333,
        24.76361
       ],
       [
        93.13274,
        24.76361
       ],
       [
        93.13274,
        24.76307
       ]
      ]
     ],
     [
      [
       [
        93.12146,
        24.76254
       ],
       [
        93.12205,
        24.76254
       ],
       [
        93.12205,
        24.76308
       ],
       [
        93.12146,
        24.76308
       ],
       [
        93.12146,
        24.76254
       ]
      ]
     ],
     [
      [
       [
        93.12383,
        24.76254
       ],
       [
        93.12502,
        24.76254
       ],
       [
        93.12502,
        24.76308
       ],
       [
        93.12383,
        24.76308
       ],
       [
        93.12383,
        24.76254
       ]
      ]
     ],
     [
      [
       [
        93.12561,
        24.76254
       ],
       [
        93.12918,
        24.76253
       ],
       [
        93.12918,
        24.76308
       ],
       [
        93.12562,
        24.76308
       ],
       [
        93.12561,
        24.76254
       ]
      ]
     ],
     [
      [
       [
        93.12977,
        24.76253
       ],
       [
        93.13333,
        24.76253
       ],
       [
        93.13333,
        24.76307
       ],
       [
        93.12977,
        24.76307
       ],
       [
        93.12977,
        24.76253
       ]
      ]
     ],
     [
      [
       [
        93.1268,
        24.76199
       ],
       [
        93.12858,
        24.76199
       ],
       [
        93.12858,
        24.76253
       ],
       [
        93.1268,
        24.76254
       ],
       [
        93.1268,
        24.76199
       ]
      ]
     ],
     [
      [
       [
        93.12917,
        24.76199
       ],
       [
        93.13096,
        24.76199
       ],
       [
        93.13096,
        24.76253
       ],
       [
        93.12918,
        24.76253
       ],
       [
        93.12917,
        24.76199
       ]
      ]
     ],
     [
      [
       [
        93.12799,
        24.76145
       ],
       [
        93.12858,
        24.76145
       ],
       [
        93.12858,
        24.76199
       ],
       [
        93.12799,
        24.76199
       ],
       [
        93.12799,
        24.76145
       ]
      ]
     ],
     [
      [
       [
        93.12917,
        24.76145
       ],
       [
        93.13036,
        24.76145
       ],
       [
        93.13036,
        24.76199
       ],
       [
        93.12917,
        24.76199
       ],
       [
        93.12917,
        24.76145
       ]
      ]
     ],
     [
      [
       [
        93.11612,
        24.76092
       ],
       [
        93.11671,
        24.76092
       ],
       [
        93.11671,
        24.76146
       ],
       [
        93.11612,
        24.76146
       ],
       [
        93.11612,
        24.76092
       ]
      ]
     ],
     [
      [
       [
        93.11552,
        24.76038
       ],
       [
        93.11612,
        24.76038
       ],
       [
        93.11612,
        24.76092
       ],
       [
        93.11552,
        24.76092
       ],
       [
        93.11552,
        24.76038
       ]
      ]
     ],
     [
      [
       [
        93.0995,
        24.75822
       ],
       [
        93.10009,
        24.75822
       ],
       [
        93.10009,
        24.75876
       ],
       [
        93.0995,
        24.75876
       ],
       [
        93.0995,
        24.75822
       ]
      ]
     ],
     [
      [
       [
        93.09891,
        24.75768
       ],
       [
        93.0995,
        24.75768
       ],
       [
        93.0995,
        24.75822
       ],
       [
        93.09891,
        24.75822
       ],
       [
        93.09891,
        24.75768
       ]
      ]
     ],
     [
      [
       [
        93.10068,
        24.74955
       ],
       [
        93.10127,
        24.74955
       ],
       [
        93.10127,
        24.75009
       ],
       [
        93.10068,
        24.75009
       ],
       [
        93.10068,
        24.74955
       ]
      ]
     ],
     [
      [
       [
        93.10068,
        24.74901
       ],
       [
        93.10127,
        24.74901
       ],
       [
        93.10127,
        24.74955
       ],
       [
        93.10068,
        24.74955
       ],
       [
        93.10068,
        24.74901
       ]
      ]
     ],
     [
      [
       [
        93.09949,
        24.74793
       ],
       [
        93.10008,
        24.74792
       ],
       [
        93.10008,
        24.74847
       ],
       [
        93.09949,
        24.74847
       ],
       [
        93.09949,
        24.74793
       ]
      ]
     ],
     [
      [
       [
        93.0983,
        24.74738
       ],
       [
        93.09949,
        24.74738
       ],
       [
        93.09949,
        24.74793
       ],
       [
        93.0983,
        24.74793
       ],
       [
        93.0983,
        24.74738
       ]
      ]
     ],
     [
      [
       [
        93.1434,
        24.74735
       ],
       [
        93.14399,
        24.74735
       ],
       [
        93.14399,
        24.74789
       ],
       [
        93.1434,
        24.74789
       ],
       [
        93.1434,
        24.74735
       ]
      ]
     ],
     [
      [
       [
        93.10127,
        24.74521
       ],
       [
        93.10186,
        24.74521
       ],
       [
        93.10186,
        24.74576
       ],
       [
        93.10127,
        24.74576
       ],
       [
        93.10127,
        24.74521
       ]
      ]
     ],
     [
      [
       [
        93.13865,
        24.74518
       ],
       [
        93.13924,
        24.74518
       ],
       [
        93.13925,
        24.74573
       ],
       [
        93.13865,
        24.74573
       ],
       [
        93.13865,
        24.74518
       ]
      ]
     ],
     [
      [
       [
        93.14874,
        24.74518
       ],
       [
        93.14933,
        24.74517
       ],
       [
        93.14933,
        24.74572
       ],
       [
        93.14874,
        24.74572
       ],
       [
        93.14874,
        24.74518
       ]
      ]
     ],
     [
      [
       [
        93.10127,
        24.74467
       ],
       [
        93.10186,
        24.74467
       ],
       [
        93.10186,
        24.74521
       ],
       [
        93.10127,
        24.74521
       ],
       [
        93.10127,
        24.74467
       ]
      ]
     ],
     [
      [
       [
        93.13865,
        24.74464
       ],
       [
        93.13924,
        24.74464
       ],
       [
        93.13924,
        24.74518
       ],
       [
        93.13865,
        24.74518
       ],
       [
        93.13865,
        24.74464
       ]
      ]
     ],
     [
      [
       [
        93.14043,
        24.74464
       ],
       [
        93.14102,
        24.74464
       ],
       [
        93.14102,
        24.74518
       ],
       [
        93.14043,
        24.74518
       ],
       [
        93.14043,
        24.74464
       ]
      ]
     ],
     [
      [
       [
        93.10127,
        24.74413
       ],
       [
        93.10186,
        24.74413
       ],
       [
        93.10186,
        24.74467
       ],
       [
        93.10127,
        24.74467
       ],
       [
        93.10127,
        24.74413
       ]
      ]
     ],
     [
      [
       [
        93.22172,
        24.744
       ],
       [
        93.22231,
        24.744
       ],
       [
        93.22232,
        24.74454
       ],
       [
        93.22172,
        24.74454
       ],
       [
        93.22172,
        24.744
       ]
      ]
     ],
     [
      [
       [
        93.10127,
        24.74359
       ],
       [
        93.10186,
        24.74359
       ],
       [
        93.10186,
        24.74413
       ],
       [
        93.10127,
        24.74413
       ],
       [
        93.10127,
        24.74359
       ]
      ]
     ],
     [
      [
       [
        93.13865,
        24.74356
       ],
       [
        93.13924,
        24.74356
       ],
       [
        93.13924,
        24.7441
       ],
       [
        93.13865,
        24.7441
       ],
       [
        93.13865,
        24.74356
       ]
      ]
     ],
     [
      [
       [
        93.10127,
        24.74305
       ],
       [
        93.10186,
        24.74305
       ],
       [
        93.10186,
        24.74359
       ],
       [
        93.10127,
        24.74359
       ],
       [
        93.10127,
        24.74305
       ]
      ]
     ],
     [
      [
       [
        93.27097,
        24.74284
       ],
       [
        93.27156,
        24.74284
       ],
       [
        93.27156,
        24.74338
       ],
       [
        93.27097,
        24.74338
       ],
       [
        93.27097,
        24.74284
       ]
      ]
     ],
     [
      [
       [
        93.10067,
        24.74196
       ],
       [
        93.10127,
        24.74196
       ],
       [
        93.10127,
        24.74251
       ],
       [
        93.10067,
        24.74251
       ],
       [
        93.10067,
        24.74196
       ]
      ]
     ],
     [
      [
       [
        93.13805,
        24.74139
       ],
       [
        93.13865,
        24.74139
       ],
       [
        93.13865,
        24.74193
       ],
       [
        93.13805,
        24.74193
       ],
       [
        93.13805,
        24.74139
       ]
      ]
     ],
     [
      [
       [
        93.08999,
        24.74089
       ],
       [
        93.09059,
        24.74089
       ],
       [
        93.09059,
        24.74143
       ],
       [
        93.08999,
        24.74143
       ],
       [
        93.08999,
        24.74089
       ]
      ]
     ],
     [
      [
       [
        93.14577,
        24.74084
       ],
       [
        93.14636,
        24.74084
       ],
       [
        93.14636,
        24.74138
       ],
       [
        93.14577,
        24.74138
       ],
       [
        93.14577,
        24.74084
       ]
      ]
     ],
     [
      [
       [
        93.08999,
        24.74034
       ],
       [
        93.09058,
        24.74034
       ],
       [
        93.09059,
        24.74089
       ],
       [
        93.08999,
        24.74089
       ],
       [
        93.08999,
        24.74034
       ]
      ]
     ],
     [
      [
       [
        93.08999,
        24.7398
       ],
       [
        93.09118,
        24.7398
       ],
       [
        93.09118,
        24.74034
       ],
       [
        93.08999,
        24.74034
       ],
       [
        93.08999,
        24.7398
       ]
      ]
     ],
     [
      [
       [
        93.11194,
        24.73979
       ],
       [
        93.11432,
        24.73979
       ],
       [
        93.11432,
        24.74033
       ],
       [
        93.11195,
        24.74033
       ],
       [
        93.11194,
        24.73979
       ]
      ]
     ],
     [
      [
       [
        93.08999,
        24.73926
       ],
       [
        93.09118,
        24.73926
       ],
       [
        93.09118,
        24.7398
       ],
       [
        93.08999,
        24.7398
       ],
       [
        93.08999,
        24.73926
       ]
      ]
     ],
     [
      [
       [
        93.11135,
        24.73925
       ],
       [
        93.11432,
        24.73924
       ],
       [
        93.11432,
        24.73979
       ],
       [
        93.11135,
        24.73979
       ],
       [
        93.11135,
        24.73925
       ]
      ]
     ],
     [
      [
       [
        93.11076,
        24.73871
       ],
       [
        93.11194,
        24.7387
       ],
       [
        93.11194,
        24.73925
       ],
       [
        93.11076,
        24.73925
       ],
       [
        93.11076,
        24.73871
       ]
      ]
     ],
     [
      [
       [
        93.11254,
        24.7387
       ],
       [
        93.11313,
        24.7387
       ],
       [
        93.11313,
        24.73925
       ],
       [
        93.11254,
        24.73925
       ],
       [
        93.11254,
        24.7387
       ]
      ]
     ],
     [
      [
       [
        93.11254,
        24.73816
       ],
       [
        93.11313,
        24.73816
       ],
       [
        93.11313,
        24.7387
       ],
       [
        93.11254,
        24.7387
       ],
       [
        93.11254,
        24.73816
       ]
      ]
     ],
     [
      [
       [
        93.09355,
        24.73763
       ],
       [
        93.09414,
        24.73763
       ],
       [
        93.09414,
        24.73817
       ],
       [
        93.09355,
        24.73818
       ],
       [
        93.09355,
        24.73763
       ]
      ]
     ],
     [
      [
       [
        93.09355,
        24.73709
       ],
       [
        93.09474,
        24.73709
       ],
       [
        93.09474,
        24.73763
       ],
       [
        93.09355,
        24.73763
       ],
       [
        93.09355,
        24.73709
       ]
      ]
     ],
     [
      [
       [
        93.13686,
        24.73706
       ],
       [
        93.13746,
        24.73706
       ],
       [
        93.13746,
        24.7376
       ],
       [
        93.13686,
        24.7376
       ],
       [
        93.13686,
        24.73706
       ]
      ]
     ],
     [
      [
       [
        93.13568,
        24.73652
       ],
       [
        93.13746,
        24.73652
       ],
       [
        93.13746,
        24.73706
       ],
       [
        93.13568,
        24.73706
       ],
       [
        93.13568,
        24.73652
       ]
      ]
     ],
     [
      [
       [
        93.09295,
        24.73601
       ],
       [
        93.09355,
        24.73601
       ],
       [
        93.09355,
        24.73655
       ],
       [
        93.09296,
        24.73655
       ],
       [
        93.09295,
        24.73601
       ]
      ]
     ],
     [
      [
       [
        93.13567,
        24.73598
       ],
       [
        93.13627,
        24.73597
       ],
       [
        93.13627,
        24.73652
       ],
       [
        93.13568,
        24.73652
       ],
       [
        93.13567,
        24.73598
       ]
      ]
     ],
     [
      [
       [
        93.09295,
        24.73547
       ],
       [
        93.09355,
        24.73547
       ],
       [
        93.09355,
        24.73601
       ],
       [
        93.09295,
        24.73601
       ],
       [
        93.09295,
        24.73547
       ]
      ]
     ],
     [
      [
       [
        93.09473,
        24.73547
       ],
       [
        93.09533,
        24.73546
       ],
       [
        93.09533,
        24.73601
       ],
       [
        93.09473,
        24.73601
       ],
       [
        93.09473,
        24.73547
       ]
      ]
     ],
     [
      [
       [
        93.13627,
        24.73489
       ],
       [
        93.13686,
        24.73489
       ],
       [
        93.13686,
        24.73543
       ],
       [
        93.13627,
        24.73543
       ],
       [
        93.13627,
        24.73489
       ]
      ]
     ],
     [
      [
       [
        93.09117,
        24.73276
       ],
       [
        93.09177,
        24.73276
       ],
       [
        93.09177,
        24.7333
       ],
       [
        93.09117,
        24.7333
       ],
       [
        93.09117,
        24.73276
       ]
      ]
     ],
     [
      [
       [
        93.13211,
        24.73273
       ],
       [
        93.1327,
        24.73273
       ],
       [
        93.13271,
        24.73327
       ],
       [
        93.13211,
        24.73327
       ],
       [
        93.13211,
        24.73273
       ]
      ]
     ],
     [
      [
       [
        93.13211,
        24.73219
       ],
       [
        93.1327,
        24.73218
       ],
       [
        93.1327,
        24.73273
       ],
       [
        93.13211,
        24.73273
       ],
       [
        93.13211,
        24.73219
       ]
      ]
     ],
     [
      [
       [
        93.13211,
        24.73164
       ],
       [
        93.13448,
        24.73164
       ],
       [
        93.13448,
        24.73218
       ],
       [
        93.13211,
        24.73219
       ],
       [
        93.13211,
        24.73164
       ]
      ]
     ],
     [
      [
       [
        93.13152,
        24.7311
       ],
       [
        93.1333,
        24.7311
       ],
       [
        93.1333,
        24.73164
       ],
       [
        93.13152,
        24.73164
       ],
       [
        93.13152,
        24.7311
       ]
      ]
     ],
     [
      [
       [
        93.13092,
        24.73056
       ],
       [
        93.1333,
        24.73056
       ],
       [
        93.1333,
        24.7311
       ],
       [
        93.13092,
        24.7311
       ],
       [
        93.13092,
        24.73056
       ]
      ]
     ],
     [
      [
       [
        93.10719,
        24.73004
       ],
       [
        93.10778,
        24.73004
       ],
       [
        93.10778,
        24.73058
       ],
       [
        93.10719,
        24.73058
       ],
       [
        93.10719,
        24.73004
       ]
      ]
     ],
     [
      [
       [
        93.12855,
        24.73002
       ],
       [
        93.12974,
        24.73002
       ],
       [
        93.12974,
        24.73056
       ],
       [
        93.12855,
        24.73056
       ],
       [
        93.12855,
        24.73002
       ]
      ]
     ],
     [
      [
       [
        93.13033,
        24.73002
       ],
       [
        93.1327,
        24.73002
       ],
       [
        93.1327,
        24.73056
       ],
       [
        93.13033,
        24.73056
       ],
       [
        93.13033,
        24.73002
       ]
      ]
     ],
     [
      [
       [
        93.12024,
        24.72949
       ],
       [
        93.12084,
        24.72949
       ],
       [
        93.12084,
        24.73003
       ],
       [
        93.12024,
        24.73003
       ],
       [
        93.12024,
        24.72949
       ]
      ]
     ],
     [
      [
       [
        93.12795,
        24.72948
       ],
       [
        93.12973,
        24.72948
       ],
       [
        93.12974,
        24.73002
       ],
       [
        93.12796,
        24.73002
       ],
       [
        93.12795,
        24.72948
       ]
      ]
     ],
     [
      [
       [
        93.13092,
        24.72948
       ],
       [
        93.13151,
        24.72948
       ],
       [
        93.13151,
        24.73002
       ],
       [
        93.13092,
        24.73002
       ],
       [
        93.13092,
        24.72948
       ]
      ]
     ],
     [
      [
       [
        93.1066,
        24.72895
       ],
       [
        93.10719,
        24.72895
       ],
       [
        93.10719,
        24.7295
       ],
       [
        93.1066,
        24.7295
       ],
       [
        93.1066,
        24.72895
       ]
      ]
     ],
     [
      [
       [
        93.12736,
        24.72894
       ],
       [
        93.12914,
        24.72894
       ],
       [
        93.12914,
        24.72948
       ],
       [
        93.12736,
        24.72948
       ],
       [
        93.12736,
        24.72894
       ]
      ]
     ],
     [
      [
       [
        93.106,
        24.72841
       ],
       [
        93.10778,
        24.72841
       ],
       [
        93.10778,
        24.72895
       ],
       [
        93.106,
        24.72895
       ],
       [
        93.106,
        24.72841
       ]
      ]
     ],
     [
      [
       [
        93.12677,
        24.7284
       ],
       [
        93.12914,
        24.72839
       ],
       [
        93.12914,
        24.72894
       ],
       [
        93.12677,
        24.72894
       ],
       [
        93.12677,
        24.7284
       ]
      ]
     ],
     [
      [
       [
        93.28399,
        24.72818
       ],
       [
        93.28458,
        24.72818
       ],
       [
        93.28458,
        24.72872
       ],
       [
        93.28399,
        24.72872
       ],
       [
        93.28399,
        24.72818
       ]
      ]
     ],
     [
      [
       [
        93.04786,
        24.7279
       ],
       [
        93.04905,
        24.7279
       ],
       [
        93.04905,
        24.72844
       ],
       [
        93.04786,
        24.72844
       ],
       [
        93.04786,
        24.7279
       ]
      ]
     ],
     [
      [
       [
        93.10303,
        24.72787
       ],
       [
        93.10363,
        24.72787
       ],
       [
        93.10363,
        24.72841
       ],
       [
        93.10304,
        24.72842
       ],
       [
        93.10303,
        24.72787
       ]
      ]
     ],
     [
      [
       [
        93.10481,
        24.72787
       ],
       [
        93.10541,
        24.72787
       ],
       [
        93.10541,
        24.72841
       ],
       [
        93.10482,
        24.72841
       ],
       [
        93.10481,
        24.72787
       ]
      ]
     ],
     [
      [
       [
        93.106,
        24.72787
       ],
       [
        93.10778,
        24.72787
       ],
       [
        93.10778,
        24.72841
       ],
       [
        93.106,
        24.72841
       ],
       [
        93.106,
        24.72787
       ]
      ]
     ],
     [
      [
       [
        93.12617,
        24.72786
       ],
       [
        93.12855,
        24.72785
       ],
       [
        93.12855,
        24.7284
       ],
       [
        93.12617,
        24.7284
       ],
       [
        93.12617,
        24.72786
       ]
      ]
     ],
     [
      [
       [
        93.04786,
        24.72736
       ],
       [
        93.04964,
        24.72736
       ],
       [
        93.04964,
        24.7279
       ],
       [
        93.04786,
        24.7279
       ],
       [
        93.04786,
        24.72736
       ]
      ]
     ],
     [
      [
       [
        93.05023,
        24.72736
       ],
       [
        93.05083,
        24.72736
       ],
       [
        93.05083,
        24.7279
       ],
       [
        93.05023,
        24.7279
       ],
       [
        93.05023,
        24.72736
       ]
      ]
     ],
     [
      [
       [
        93.06922,
        24.72735
       ],
       [
        93.07159,
        24.72735
       ],
       [
        93.07159,
        24.72789
       ],
       [
        93.06922,
        24.72789
       ],
       [
        93.06922,
        24.72735
       ]
      ]
     ],
     [
      [
       [
        93.10422,
        24.72733
       ],
       [
        93.10659,
        24.72733
       ],
       [
        93.10659,
        24.72787
       ],
       [
        93.10422,
        24.72787
       ],
       [
        93.10422,
        24.72733
       ]
      ]
     ],
     [
      [
       [
        93.12558,
        24.72731
       ],
       [
        93.12736,
        24.72731
       ],
       [
        93.12736,
        24.72785
       ],
       [
        93.12558,
        24.72786
       ],
       [
        93.12558,
        24.72731
       ]
      ]
     ],
     [
      [
       [
        93.12795,
        24.72731
       ],
       [
        93.12914,
        24.72731
       ],
       [
        93.12914,
        24.72785
       ],
       [
        93.12795,
        24.72785
       ],
       [
        93.12795,
        24.72731
       ]
      ]
     ],
     [
      [
       [
        93.05023,
        24.72682
       ],
       [
        93.05379,
        24.72682
       ],
       [
        93.05379,
        24.72736
       ],
       [
        93.05023,
        24.72736
       ],
       [
        93.05023,
        24.72682
       ]
      ]
     ],
     [
      [
       [
        93.06803,
        24.72681
       ],
       [
        93.07278,
        24.72681
       ],
       [
        93.07278,
        24.72735
       ],
       [
        93.06803,
        24.72735
       ],
       [
        93.06803,
        24.72681
       ]
      ]
     ],
     [
      [
       [
        93.10422,
        24.72679
       ],
       [
        93.10481,
        24.72679
       ],
       [
        93.10481,
        24.72733
       ],
       [
        93.10422,
        24.72733
       ],
       [
        93.10422,
        24.72679
       ]
      ]
     ],
     [
      [
       [
        93.10541,
        24.72679
       ],
       [
        93.10659,
        24.72679
       ],
       [
        93.10659,
        24.72733
       ],
       [
        93.10541,
        24.72733
       ],
       [
        93.10541,
        24.72679
       ]
      ]
     ],
     [
      [
       [
        93.11609,
        24.72678
       ],
       [
        93.11668,
        24.72678
       ],
       [
        93.11668,
        24.72732
       ],
       [
        93.11609,
        24.72732
       ],
       [
        93.11609,
        24.72678
       ]
      ]
     ],
     [
      [
       [
        93.12439,
        24.72677
       ],
       [
        93.12736,
        24.72677
       ],
       [
        93.12736,
        24.72731
       ],
       [
        93.12439,
        24.72732
       ],
       [
        93.12439,
        24.72677
       ]
      ]
     ],
     [
      [
       [
        93.0526,
        24.72627
       ],
       [
        93.05616,
        24.72627
       ],
       [
        93.05616,
        24.72681
       ],
       [
        93.0526,
        24.72682
       ],
       [
        93.0526,
        24.72627
       ]
      ]
     ],
     [
      [
       [
        93.06803,
        24.72627
       ],
       [
        93.06922,
        24.72627
       ],
       [
        93.06922,
        24.72681
       ],
       [
        93.06803,
        24.72681
       ],
       [
        93.06803,
        24.72627
       ]
      ]
     ],
     [
      [
       [
        93.07218,
        24.72627
       ],
       [
        93.07396,
        24.72626
       ],
       [
        93.07396,
        24.72681
       ],
       [
        93.07218,
        24.72681
       ],
       [
        93.07218,
        24.72627
       ]
      ]
     ],
     [
      [
       [
        93.10185,
        24.72625
       ],
       [
        93.10244,
        24.72625
       ],
       [
        93.10244,
        24.72679
       ],
       [
        93.10185,
        24.72679
       ],
       [
        93.10185,
        24.72625
       ]
      ]
     ],
     [
      [
       [
        93.10303,
        24.72625
       ],
       [
        93.10363,
        24.72625
       ],
       [
        93.10363,
        24.72679
       ],
       [
        93.10303,
        24.72679
       ],
       [
        93.10303,
        24.72625
       ]
      ]
     ],
     [
      [
       [
        93.106,
        24.72625
       ],
       [
        93.10778,
        24.72624
       ],
       [
        93.10778,
        24.72679
       ],
       [
        93.106,
        24.72679
       ],
       [
        93.106,
        24.72625
       ]
      ]
     ],
     [
      [
       [
        93.11905,
        24.72624
       ],
       [
        93.11965,
        24.72624
       ],
       [
        93.11965,
        24.72678
       ],
       [
        93.11905,
        24.72678
       ],
       [
        93.11905,
        24.72624
       ]
      ]
     ],
     [
      [
       [
        93.12439,
        24.72623
       ],
       [
        93.12676,
        24.72623
       ],
       [
        93.12677,
        24.72677
       ],
       [
        93.12439,
        24.72677
       ],
       [
        93.12439,
        24.72623
       ]
      ]
     ],
     [
      [
       [
        93.0532,
        24.72573
       ],
       [
        93.05854,
        24.72573
       ],
       [
        93.05854,
        24.72627
       ],
       [
        93.0532,
        24.72627
       ],
       [
        93.0532,
        24.72573
       ]
      ]
     ],
     [
      [
       [
        93.06744,
        24.72573
       ],
       [
        93.06862,
        24.72573
       ],
       [
        93.06862,
        24.72627
       ],
       [
        93.06744,
        24.72627
       ],
       [
        93.06744,
        24.72573
       ]
      ]
     ],
     [
      [
       [
        93.07456,
        24.72572
       ],
       [
        93.07574,
        24.72572
       ],
       [
        93.07574,
        24.72626
       ],
       [
        93.07456,
        24.72626
       ],
       [
        93.07456,
        24.72572
       ]
      ]
     ],
     [
      [
       [
        93.10185,
        24.72571
       ],
       [
        93.10244,
        24.72571
       ],
       [
        93.10244,
        24.72625
       ],
       [
        93.10185,
        24.72625
       ],
       [
        93.10185,
        24.72571
       ]
      ]
     ],
     [
      [
       [
        93.106,
        24.7257
       ],
       [
        93.10659,
        24.7257
       ],
       [
        93.10659,
        24.72625
       ],
       [
        93.106,
        24.72625
       ],
       [
        93.106,
        24.7257
       ]
      ]
     ],
     [
      [
       [
        93.12202,
        24.72569
       ],
       [
        93.12617,
        24.72569
       ],
       [
        93.12617,
        24.72623
       ],
       [
        93.12202,
        24.72623
       ],
       [
        93.12202,
        24.72569
       ]
      ]
     ],
     [
      [
       [
        93.1321,
        24.72568
       ],
       [
        93.1327,
        24.72568
       ],
       [
        93.1327,
        24.72622
       ],
       [
        93.1321,
        24.72622
       ],
       [
        93.1321,
        24.72568
       ]
      ]
     ],
     [
      [
       [
        93.05676,
        24.72519
       ],
       [
        93.06625,
        24.72518
       ],
       [
        93.06625,
        24.72573
       ],
       [
        93.05676,
        24.72573
       ],
       [
        93.05676,
        24.72519
       ]
      ]
     ],
     [
      [
       [
        93.06684,
        24.72518
       ],
       [
        93.06862,
        24.72518
       ],
       [
        93.06862,
        24.72573
       ],
       [
        93.06684,
        24.72573
       ],
       [
        93.06684,
        24.72518
       ]
      ]
     ],
     [
      [
       [
        93.07515,
        24.72518
       ],
       [
        93.07574,
        24.72518
       ],
       [
        93.07574,
        24.72572
       ],
       [
        93.07515,
        24.72572
       ],
       [
        93.07515,
        24.72518
       ]
      ]
     ],
     [
      [
       [
        93.106,
        24.72516
       ],
       [
        93.10659,
        24.72516
       ],
       [
        93.10659,
        24.7257
       ],
       [
        93.106,
        24.7257
       ],
       [
        93.106,
        24.72516
       ]
      ]
     ],
     [
      [
       [
        93.11608,
        24.72515
       ],
       [
        93.11668,
        24.72515
       ],
       [
        93.11668,
        24.7257
       ],
       [
        93.11609,
        24.7257
       ],
       [
        93.11608,
        24.72515
       ]
      ]
     ],
     [
      [
       [
        93.12083,
        24.72515
       ],
       [
        93.12439,
        24.72515
       ],
       [
        93.12439,
        24.72569
       ],
       [
        93.12083,
        24.72569
       ],
       [
        93.12083,
        24.72515
       ]
      ]
     ],
     [
      [
       [
        93.12558,
        24.72515
       ],
       [
        93.12617,
        24.72515
       ],
       [
        93.12617,
        24.72569
       ],
       [
        93.12558,
        24.72569
       ],
       [
        93.12558,
        24.72515
       ]
      ]
     ],
     [
      [
       [
        93.13151,
        24.72514
       ],
       [
        93.1321,
        24.72514
       ],
       [
        93.1321,
        24.72568
       ],
       [
        93.13151,
        24.72568
       ],
       [
        93.13151,
        24.72514
       ]
      ]
     ],
     [
      [
       [
        93.05972,
        24.72465
       ],
       [
        93.06803,
        24.72464
       ],
       [
        93.06803,
        24.72518
       ],
       [
        93.05972,
        24.72519
       ],
       [
        93.05972,
        24.72465
       ]
      ]
     ],
     [
      [
       [
        93.09591,
        24.72463
       ],
       [
        93.09651,
        24.72463
       ],
       [
        93.09651,
        24.72517
       ],
       [
        93.09591,
        24.72517
       ],
       [
        93.09591,
        24.72463
       ]
      ]
     ],
     [
      [
       [
        93.10422,
        24.72462
       ],
       [
        93.10481,
        24.72462
       ],
       [
        93.10481,
        24.72516
       ],
       [
        93.10422,
        24.72516
       ],
       [
        93.10422,
        24.72462
       ]
      ]
     ],
     [
      [
       [
        93.10541,
        24.72462
       ],
       [
        93.10659,
        24.72462
       ],
       [
        93.10659,
        24.72516
       ],
       [
        93.10541,
        24.72516
       ],
       [
        93.10541,
        24.72462
       ]
      ]
     ],
     [
      [
       [
        93.11964,
        24.72461
       ],
       [
        93.12024,
        24.72461
       ],
       [
        93.12024,
        24.72515
       ],
       [
        93.11964,
        24.72515
       ],
       [
        93.11964,
        24.72461
       ]
      ]
     ],
     [
      [
       [
        93.12083,
        24.72461
       ],
       [
        93.1238,
        24.72461
       ],
       [
        93.1238,
        24.72515
       ],
       [
        93.12083,
        24.72515
       ],
       [
        93.12083,
        24.72461
       ]
      ]
     ],
     [
      [
       [
        93.13032,
        24.7246
       ],
       [
        93.13092,
        24.7246
       ],
       [
        93.13092,
        24.72514
       ],
       [
        93.13032,
        24.72514
       ],
       [
        93.13032,
        24.7246
       ]
      ]
     ],
     [
      [
       [
        93.07693,
        24.7241
       ],
       [
        93.07811,
        24.7241
       ],
       [
        93.07811,
        24.72464
       ],
       [
        93.07693,
        24.72464
       ],
       [
        93.07693,
        24.7241
       ]
      ]
     ],
     [
      [
       [
        93.10422,
        24.72408
       ],
       [
        93.10481,
        24.72408
       ],
       [
        93.10481,
        24.72462
       ],
       [
        93.10422,
        24.72462
       ],
       [
        93.10422,
        24.72408
       ]
      ]
     ],
     [
      [
       [
        93.1054,
        24.72408
       ],
       [
        93.106,
        24.72408
       ],
       [
        93.106,
        24.72462
       ],
       [
        93.10541,
        24.72462
       ],
       [
        93.1054,
        24.72408
       ]
      ]
     ],
     [
      [
       [
        93.11668,
        24.72407
       ],
       [
        93.11786,
        24.72407
       ],
       [
        93.11786,
        24.72461
       ],
       [
        93.11668,
        24.72461
       ],
       [
        93.11668,
        24.72407
       ]
      ]
     ],
     [
      [
       [
        93.11905,
        24.72407
       ],
       [
        93.12024,
        24.72407
       ],
       [
        93.12024,
        24.72461
       ],
       [
        93.11905,
        24.72461
       ],
       [
        93.11905,
        24.72407
       ]
      ]
     ],
     [
      [
       [
        93.12083,
        24.72407
       ],
       [
        93.12202,
        24.72407
       ],
       [
        93.12202,
        24.72461
       ],
       [
        93.12083,
        24.72461
       ],
       [
        93.12083,
        24.72407
       ]
      ]
     ],
     [
      [
       [
        93.12914,
        24.72406
       ],
       [
        93.12973,
        24.72406
       ],
       [
        93.12973,
        24.7246
       ],
       [
        93.12914,
        24.7246
       ],
       [
        93.12914,
        24.72406
       ]
      ]
     ],
     [
      [
       [
        93.07752,
        24.72355
       ],
       [
        93.07871,
        24.72355
       ],
       [
        93.07871,
        24.72409
       ],
       [
        93.07752,
        24.7241
       ],
       [
        93.07752,
        24.72355
       ]
      ]
     ],
     [
      [
       [
        93.09532,
        24.72354
       ],
       [
        93.09591,
        24.72354
       ],
       [
        93.09591,
        24.72408
       ],
       [
        93.09532,
        24.72409
       ],
       [
        93.09532,
        24.72354
       ]
      ]
     ],
     [
      [
       [
        93.11668,
        24.72353
       ],
       [
        93.11727,
        24.72353
       ],
       [
        93.11727,
        24.72407
       ],
       [
        93.11668,
        24.72407
       ],
       [
        93.11668,
        24.72353
       ]
      ]
     ],
     [
      [
       [
        93.12676,
        24.72352
       ],
       [
        93.12854,
        24.72352
       ],
       [
        93.12854,
        24.72406
       ],
       [
        93.12676,
        24.72406
       ],
       [
        93.12676,
        24.72352
       ]
      ]
     ],
     [
      [
       [
        93.07811,
        24.72301
       ],
       [
        93.07989,
        24.72301
       ],
       [
        93.07989,
        24.72355
       ],
       [
        93.07811,
        24.72355
       ],
       [
        93.07811,
        24.72301
       ]
      ]
     ],
     [
      [
       [
        93.11371,
        24.72299
       ],
       [
        93.1143,
        24.72299
       ],
       [
        93.1143,
        24.72353
       ],
       [
        93.11371,
        24.72353
       ],
       [
        93.11371,
        24.72299
       ]
      ]
     ],
     [
      [
       [
        93.12617,
        24.72298
       ],
       [
        93.12735,
        24.72298
       ],
       [
        93.12736,
        24.72352
       ],
       [
        93.12617,
        24.72352
       ],
       [
        93.12617,
        24.72298
       ]
      ]
     ],
     [
      [
       [
        93.12617,
        24.72244
       ],
       [
        93.12676,
        24.72244
       ],
       [
        93.12676,
        24.72298
       ],
       [
        93.12617,
        24.72298
       ],
       [
        93.12617,
        24.72244
       ]
      ]
     ],
     [
      [
       [
        93.07989,
        24.72193
       ],
       [
        93.08049,
        24.72193
       ],
       [
        93.08049,
        24.72247
       ],
       [
        93.07989,
        24.72247
       ],
       [
        93.07989,
        24.72193
       ]
      ]
     ],
     [
      [
       [
        93.08049,
        24.72138
       ],
       [
        93.08108,
        24.72138
       ],
       [
        93.08108,
        24.72193
       ],
       [
        93.08049,
        24.72193
       ],
       [
        93.08049,
        24.72138
       ]
      ]
     ],
     [
      [
       [
        93.12379,
        24.72135
       ],
       [
        93.12439,
        24.72135
       ],
       [
        93.12439,
        24.7219
       ],
       [
        93.12379,
        24.7219
       ],
       [
        93.12379,
        24.72135
       ]
      ]
     ],
     [
      [
       [
        93.08049,
        24.72084
       ],
       [
        93.08108,
        24.72084
       ],
       [
        93.08108,
        24.72138
       ],
       [
        93.08049,
        24.72138
       ],
       [
        93.08049,
        24.72084
       ]
      ]
     ],
     [
      [
       [
        93.10718,
        24.72083
       ],
       [
        93.10778,
        24.72083
       ],
       [
        93.10778,
        24.72137
       ],
       [
        93.10718,
        24.72137
       ],
       [
        93.10718,
        24.72083
       ]
      ]
     ],
     [
      [
       [
        93.09116,
        24.72029
       ],
       [
        93.09176,
        24.72029
       ],
       [
        93.09176,
        24.72084
       ],
       [
        93.09116,
        24.72084
       ],
       [
        93.09116,
        24.72029
       ]
      ]
     ],
     [
      [
       [
        93.12142,
        24.72027
       ],
       [
        93.12261,
        24.72027
       ],
       [
        93.12261,
        24.72081
       ],
       [
        93.12142,
        24.72081
       ],
       [
        93.12142,
        24.72027
       ]
      ]
     ],
     [
      [
       [
        93.08108,
        24.71976
       ],
       [
        93.08167,
        24.71976
       ],
       [
        93.08167,
        24.7203
       ],
       [
        93.08108,
        24.7203
       ],
       [
        93.08108,
        24.71976
       ]
      ]
     ],
     [
      [
       [
        93.11964,
        24.71973
       ],
       [
        93.12023,
        24.71973
       ],
       [
        93.12023,
        24.72027
       ],
       [
        93.11964,
        24.72027
       ],
       [
        93.11964,
        24.71973
       ]
      ]
     ],
     [
      [
       [
        93.12142,
        24.71973
       ],
       [
        93.12261,
        24.71973
       ],
       [
        93.12261,
        24.72027
       ],
       [
        93.12142,
        24.72027
       ],
       [
        93.12142,
        24.71973
       ]
      ]
     ],
     [
      [
       [
        93.08108,
        24.71922
       ],
       [
        93.08167,
        24.71922
       ],
       [
        93.08167,
        24.71976
       ],
       [
        93.08108,
        24.71976
       ],
       [
        93.08108,
        24.71922
       ]
      ]
     ],
     [
      [
       [
        93.11964,
        24.71919
       ],
       [
        93.12142,
        24.71919
       ],
       [
        93.12142,
        24.71973
       ],
       [
        93.11964,
        24.71973
       ],
       [
        93.11964,
        24.71919
       ]
      ]
     ],
     [
      [
       [
        93.08108,
        24.71867
       ],
       [
        93.08167,
        24.71867
       ],
       [
        93.08167,
        24.71922
       ],
       [
        93.08108,
        24.71922
       ],
       [
        93.08108,
        24.71867
       ]
      ]
     ],
     [
      [
       [
        93.11904,
        24.71865
       ],
       [
        93.12082,
        24.71865
       ],
       [
        93.12083,
        24.71919
       ],
       [
        93.11905,
        24.71919
       ],
       [
        93.11904,
        24.71865
       ]
      ]
     ],
     [
      [
       [
        93.08108,
        24.71813
       ],
       [
        93.08167,
        24.71813
       ],
       [
        93.08167,
        24.71867
       ],
       [
        93.08108,
        24.71867
       ],
       [
        93.08108,
        24.71813
       ]
      ]
     ],
     [
      [
       [
        93.09294,
        24.71813
       ],
       [
        93.09353,
        24.71813
       ],
       [
        93.09354,
        24.71867
       ],
       [
        93.09294,
        24.71867
       ],
       [
        93.09294,
        24.71813
       ]
      ]
     ],
     [
      [
       [
        93.08108,
        24.71759
       ],
       [
        93.08167,
        24.71759
       ],
       [
        93.08167,
        24.71813
       ],
       [
        93.08108,
        24.71813
       ],
       [
        93.08108,
        24.71759
       ]
      ]
     ],
     [
      [
       [
        93.08998,
        24.71759
       ],
       [
        93.09057,
        24.71759
       ],
       [
        93.09057,
        24.71813
       ],
       [
        93.08998,
        24.71813
       ],
       [
        93.08998,
        24.71759
       ]
      ]
     ],
     [
      [
       [
        93.08048,
        24.71705
       ],
       [
        93.08167,
        24.71705
       ],
       [
        93.08167,
        24.71759
       ],
       [
        93.08048,
        24.71759
       ],
       [
        93.08048,
        24.71705
       ]
      ]
     ],
     [
      [
       [
        93.10659,
        24.71703
       ],
       [
        93.10718,
        24.71703
       ],
       [
        93.10718,
        24.71757
       ],
       [
        93.10659,
        24.71757
       ],
       [
        93.10659,
        24.71703
       ]
      ]
     ],
     [
      [
       [
        93.10777,
        24.71703
       ],
       [
        93.10837,
        24.71703
       ],
       [
        93.10837,
        24.71757
       ],
       [
        93.10777,
        24.71757
       ],
       [
        93.10777,
        24.71703
       ]
      ]
     ],
     [
      [
       [
        93.08048,
        24.71651
       ],
       [
        93.08167,
        24.71651
       ],
       [
        93.08167,
        24.71705
       ],
       [
        93.08048,
        24.71705
       ],
       [
        93.08048,
        24.71651
       ]
      ]
     ],
     [
      [
       [
        93.10481,
        24.71649
       ],
       [
        93.10658,
        24.71649
       ],
       [
        93.10659,
        24.71703
       ],
       [
        93.10481,
        24.71703
       ],
       [
        93.10481,
        24.71649
       ]
      ]
     ],
     [
      [
       [
        93.07989,
        24.71597
       ],
       [
        93.08167,
        24.71596
       ],
       [
        93.08167,
        24.71651
       ],
       [
        93.07989,
        24.71651
       ],
       [
        93.07989,
        24.71597
       ]
      ]
     ],
     [
      [
       [
        93.07989,
        24.71542
       ],
       [
        93.08108,
        24.71542
       ],
       [
        93.08108,
        24.71597
       ],
       [
        93.07989,
        24.71597
       ],
       [
        93.07989,
        24.71542
       ]
      ]
     ],
     [
      [
       [
        93.24065,
        24.71525
       ],
       [
        93.24125,
        24.71525
       ],
       [
        93.24125,
        24.71579
       ],
       [
        93.24065,
        24.71579
       ],
       [
        93.24065,
        24.71525
       ]
      ]
     ],
     [
      [
       [
        93.07929,
        24.71488
       ],
       [
        93.07989,
        24.71488
       ],
       [
        93.07989,
        24.71542
       ],
       [
        93.0793,
        24.71542
       ],
       [
        93.07929,
        24.71488
       ]
      ]
     ],
     [
      [
       [
        93.09591,
        24.71487
       ],
       [
        93.0965,
        24.71487
       ],
       [
        93.0965,
        24.71541
       ],
       [
        93.09591,
        24.71541
       ],
       [
        93.09591,
        24.71487
       ]
      ]
     ],
     [
      [
       [
        93.0787,
        24.71434
       ],
       [
        93.07989,
        24.71434
       ],
       [
        93.07989,
        24.71488
       ],
       [
        93.0787,
        24.71488
       ],
       [
        93.0787,
        24.71434
       ]
      ]
     ],
     [
      [
       [
        93.09531,
        24.71433
       ],
       [
        93.09768,
        24.71433
       ],
       [
        93.09769,
        24.71487
       ],
       [
        93.09531,
        24.71487
       ],
       [
        93.09531,
        24.71433
       ]
      ]
     ],
     [
      [
       [
        93.07811,
        24.7138
       ],
       [
        93.0787,
        24.7138
       ],
       [
        93.0787,
        24.71434
       ],
       [
        93.07811,
        24.71434
       ],
       [
        93.07811,
        24.7138
       ]
      ]
     ],
     [
      [
       [
        93.09412,
        24.71379
       ],
       [
        93.0965,
        24.71379
       ],
       [
        93.0965,
        24.71433
       ],
       [
        93.09413,
        24.71433
       ],
       [
        93.09412,
        24.71379
       ]
      ]
     ],
     [
      [
       [
        93.07751,
        24.71326
       ],
       [
        93.0787,
        24.71326
       ],
       [
        93.0787,
        24.7138
       ],
       [
        93.07751,
        24.7138
       ],
       [
        93.07751,
        24.71326
       ]
      ]
     ],
     [
      [
       [
        93.09234,
        24.71325
       ],
       [
        93.0959,
        24.71325
       ],
       [
        93.0959,
        24.71379
       ],
       [
        93.09235,
        24.71379
       ],
       [
        93.09234,
        24.71325
       ]
      ]
     ],
     [
      [
       [
        93.07633,
        24.71272
       ],
       [
        93.07751,
        24.71272
       ],
       [
        93.07751,
        24.71326
       ],
       [
        93.07633,
        24.71326
       ],
       [
        93.07633,
        24.71272
       ]
      ]
     ],
     [
      [
       [
        93.09294,
        24.71271
       ],
       [
        93.09531,
        24.71271
       ],
       [
        93.09531,
        24.71325
       ],
       [
        93.09294,
        24.71325
       ],
       [
        93.09294,
        24.71271
       ]
      ]
     ],
     [
      [
       [
        93.07514,
        24.71218
       ],
       [
        93.07751,
        24.71217
       ],
       [
        93.07751,
        24.71272
       ],
       [
        93.07514,
        24.71272
       ],
       [
        93.07514,
        24.71218
       ]
      ]
     ],
     [
      [
       [
        93.07514,
        24.71163
       ],
       [
        93.07633,
        24.71163
       ],
       [
        93.07633,
        24.71217
       ],
       [
        93.07514,
        24.71218
       ],
       [
        93.07514,
        24.71163
       ]
      ]
     ],
     [
      [
       [
        93.07455,
        24.71109
       ],
       [
        93.07573,
        24.71109
       ],
       [
        93.07573,
        24.71163
       ],
       [
        93.07455,
        24.71163
       ],
       [
        93.07455,
        24.71109
       ]
      ]
     ],
     [
      [
       [
        93.07395,
        24.71055
       ],
       [
        93.07573,
        24.71055
       ],
       [
        93.07573,
        24.71109
       ],
       [
        93.07395,
        24.71109
       ],
       [
        93.07395,
        24.71055
       ]
      ]
     ],
     [
      [
       [
        93.087,
        24.71054
       ],
       [
        93.0876,
        24.71054
       ],
       [
        93.0876,
        24.71108
       ],
       [
        93.087,
        24.71108
       ],
       [
        93.087,
        24.71054
       ]
      ]
     ],
     [
      [
       [
        93.07395,
        24.71001
       ],
       [
        93.07514,
        24.71001
       ],
       [
        93.07514,
        24.71055
       ],
       [
        93.07395,
        24.71055
       ],
       [
        93.07395,
        24.71001
       ]
      ]
     ],
     [
      [
       [
        93.087,
        24.71
       ],
       [
        93.0876,
        24.71
       ],
       [
        93.0876,
        24.71054
       ],
       [
        93.087,
        24.71054
       ],
       [
        93.087,
        24.71
       ]
      ]
     ]
    ]
   },
   "properties": {
    "event": "2022-06 Silchar",
    "scene_id": "S1A_IW_GRDH_1SDV_20220623T114838_20220623T114903_043790_053A4D_0BD7_COG",
    "acquired": "2022-06-23T11:48:38.585532Z",
    "platform": "sentinel-1a",
    "orbit_state": "ascending",
    "method": "VV sigma0-ellipsoid backscatter threshold < -18 dB (openEO sar_backscatter on CDSE at native 10 m UTM, block-averaged locally to 60 m, thresholded; threshold is an UNVALIDATED demo choice)",
    "threshold_db": -18.0,
    "aoi_bbox": [
     92.65,
     24.7,
     93.3,
     24.95
    ],
    "processed_bbox": [
     93.048,
     24.71,
     93.29,
     24.94
    ],
    "coverage": "scene covers the AOI only partially; processed area clipped to the part inside the scene footprint (93.05,24.71)..(93.29,24.94)",
    "water_fraction_of_aoi": 0.0045,
    "raster": {
     "epsg": 32646,
     "cell_m": 60.0,
     "valid_pixels": 173400,
     "median_sigma0": 0.2126
    },
    "note": "Surface water at acquisition time - includes permanent rivers and wetlands (no pre-event differencing). The threshold is an unvalidated demo choice.",
    "class": "OBSERVED",
    "source": "Sentinel-1 GRD via CDSE openEO (sar_backscatter sigma0-ellipsoid), thresholded locally",
    "retrieved_at": "2026-08-28T10:28:03Z"
   }
  }
 ]
}